instant,dteday,season,yr,mnth,hr,holiday,weekday,workingday,weathersit,temp,atemp,hum,windspeed,casual,registered,cnt
1,2011-01-01,1,0,1,0,0,6,0,1,0.24,0.2879,0.81,0,3,13,16
2,2011-01-01,1,0,1,1,0,6,0,1,0.22,0.2727,0.8,0,8,32,40
3,2011-01-01,1,0,1,2,0,6,0,1,0.22,0.2727,0.8,0,5,27,32
4,2011-01-01,1,0,1,3,0,6,0,1,0.24,0.2879,0.75,0,3,10,13
5,2011-01-01,1,0,1,4,0,6,0,1,0.24,0.2879,0.75,0,0,1,1
6,2011-01-01,1,0,1,5,0,6,0,2,0.24,0.2576,0.75,0.0896,0,1,1
7,2011-01-01,1,0,1,6,0,6,0,1,0.22,0.2727,0.8,0,2,0,2
8,2011-01-01,1,0,1,7,0,6,0,1,0.2,0.2576,0.86,0,1,2,3
9,2011-01-01,1,0,1,8,0,6,0,1,0.24,0.2879,0.75,0,1,7,8
10,2011-01-01,1,0,1,9,0,6,0,1,0.32,0.3485,0.76,0,8,6,14
11,2011-01-01,1,0,1,10,0,6,0,1,0.38,0.3939,0.76,0.2537,12,24,36
12,2011-01-01,1,0,1,11,0,6,0,1,0.36,0.3333,0.81,0.2836,26,30,56
13,2011-01-01,1,0,1,12,0,6,0,1,0.42,0.4242,0.77,0.2836,29,55,84
14,2011-01-01,1,0,1,13,0,6,0,2,0.46,0.4545,0.72,0.2985,47,47,94
15,2011-01-01,1,0,1,14,0,6,0,2,0.46,0.4545,0.72,0.2836,35,71,106
16,2011-01-01,1,0,1,15,0,6,0,2,0.44,0.4394,0.77,0.2985,40,70,110
17,2011-01-01,1,0,1,16,0,6,0,2,0.42,0.4242,0.82,0.2985,41,52,93
18,2011-01-01,1,0,1,17,0,6,0,2,0.44,0.4394,0.82,0.2836,15,52,67
19,2011-01-01,1,0,1,18,0,6,0,3,0.42,0.4242,0.88,0.2537,9,26,35
20,2011-01-01,1,0,1,19,0,6,0,3,0.42,0.4242,0.88,0.2537,6,31,37
21,2011-01-01,1,0,1,20,0,6,0,2,0.4,0.4091,0.87,0.2537,11,25,36
22,2011-01-01,1,0,1,21,0,6,0,2,0.4,0.4091,0.87,0.194,3,31,34
23,2011-01-01,1,0,1,22,0,6,0,2,0.4,0.4091,0.94,0.2239,11,17,28
24,2011-01-01,1,0,1,23,0,6,0,2,0.46,0.4545,0.88,0.2985,15,24,39
25,2011-01-02,1,0,1,0,0,0,0,2,0.46,0.4545,0.88,0.2985,4,13,17
26,2011-01-02,1,0,1,1,0,0,0,2,0.44,0.4394,0.94,0.2537,1,16,17
27,2011-01-02,1,0,1,2,0,0,0,2,0.42,0.4242,1,0.2836,1,8,9
28,2011-01-02,1,0,1,3,0,0,0,2,0.46,0.4545,0.94,0.194,2,4,6
29,2011-01-02,1,0,1,4,0,0,0,2,0.46,0.4545,0.94,0.194,2,1,3
30,2011-01-02,1,0,1,6,0,0,0,3,0.42,0.4242,0.77,0.2985,0,2,2
31,2011-01-02,1,0,1,7,0,0,0,2,0.4,0.4091,0.76,0.194,0,1,1
32,2011-01-02,1,0,1,8,0,0,0,3,0.4,0.4091,0.71,0.2239,0,8,8
33,2011-01-02,1,0,1,9,0,0,0,2,0.38,0.3939,0.76,0.2239,1,19,20
34,2011-01-02,1,0,1,10,0,0,0,2,0.36,0.3485,0.81,0.2239,7,46,53
35,2011-01-02,1,0,1,11,0,0,0,2,0.36,0.3333,0.71,0.2537,16,54,70
36,2011-01-02,1,0,1,12,0,0,0,2,0.36,0.3333,0.66,0.2985,20,73,93
37,2011-01-02,1,0,1,13,0,0,0,2,0.36,0.3485,0.66,0.1343,11,64,75
38,2011-01-02,1,0,1,14,0,0,0,3,0.36,0.3485,0.76,0.194,4,55,59
39,2011-01-02,1,0,1,15,0,0,0,3,0.34,0.3333,0.81,0.1642,19,55,74
40,2011-01-02,1,0,1,16,0,0,0,3,0.34,0.3333,0.71,0.1642,9,67,76
41,2011-01-02,1,0,1,17,0,0,0,1,0.34,0.3333,0.57,0.194,7,58,65
42,2011-01-02,1,0,1,18,0,0,0,2,0.36,0.3333,0.46,0.3284,10,43,53
43,2011-01-02,1,0,1,19,0,0,0,1,0.32,0.2879,0.42,0.4478,1,29,30
44,2011-01-02,1,0,1,20,0,0,0,1,0.3,0.2727,0.39,0.3582,5,17,22
45,2011-01-02,1,0,1,21,0,0,0,1,0.26,0.2273,0.44,0.3284,11,20,31
46,2011-01-02,1,0,1,22,0,0,0,1,0.24,0.2121,0.44,0.2985,0,9,9
47,2011-01-02,1,0,1,23,0,0,0,1,0.22,0.2273,0.47,0.1642,0,8,8
48,2011-01-03,1,0,1,0,0,1,1,1,0.22,0.197,0.44,0.3582,0,5,5
49,2011-01-03,1,0,1,1,0,1,1,1,0.2,0.1667,0.44,0.4179,0,2,2
50,2011-01-03,1,0,1,4,0,1,1,1,0.16,0.1364,0.47,0.3881,0,1,1
51,2011-01-03,1,0,1,5,0,1,1,1,0.16,0.1364,0.47,0.2836,0,3,3
52,2011-01-03,1,0,1,6,0,1,1,1,0.14,0.1061,0.5,0.3881,0,30,30
53,2011-01-03,1,0,1,7,0,1,1,1,0.14,0.1364,0.5,0.194,1,63,64
54,2011-01-03,1,0,1,8,0,1,1,1,0.14,0.1212,0.5,0.2836,1,153,154
55,2011-01-03,1,0,1,9,0,1,1,1,0.16,0.1364,0.43,0.3881,7,81,88
56,2011-01-03,1,0,1,10,0,1,1,1,0.18,0.1667,0.43,0.2537,11,33,44
57,2011-01-03,1,0,1,11,0,1,1,1,0.2,0.1818,0.4,0.3284,10,41,51
58,2011-01-03,1,0,1,12,0,1,1,1,0.22,0.2121,0.35,0.2985,13,48,61
59,2011-01-03,1,0,1,13,0,1,1,1,0.24,0.2121,0.35,0.2836,8,53,61
60,2011-01-03,1,0,1,14,0,1,1,1,0.26,0.2424,0.3,0.2836,11,66,77
61,2011-01-03,1,0,1,15,0,1,1,1,0.26,0.2424,0.3,0.2537,14,58,72
62,2011-01-03,1,0,1,16,0,1,1,1,0.26,0.2424,0.3,0.2537,9,67,76
63,2011-01-03,1,0,1,17,0,1,1,1,0.24,0.2273,0.3,0.2239,11,146,157
64,2011-01-03,1,0,1,18,0,1,1,1,0.24,0.2576,0.32,0.1045,9,148,157
65,2011-01-03,1,0,1,19,0,1,1,1,0.2,0.2576,0.47,0,8,102,110
66,2011-01-03,1,0,1,20,0,1,1,1,0.2,0.2273,0.47,0.1045,3,49,52
67,2011-01-03,1,0,1,21,0,1,1,1,0.18,0.197,0.64,0.1343,3,49,52
68,2011-01-03,1,0,1,22,0,1,1,1,0.14,0.1515,0.69,0.1343,0,20,20
69,2011-01-03,1,0,1,23,0,1,1,1,0.18,0.2121,0.55,0.1045,1,11,12
70,2011-01-04,1,0,1,0,0,2,1,1,0.16,0.1818,0.55,0.1045,0,5,5
71,2011-01-04,1,0,1,1,0,2,1,1,0.16,0.1818,0.59,0.1045,0,2,2
72,2011-01-04,1,0,1,2,0,2,1,1,0.14,0.1515,0.63,0.1343,0,1,1
73,2011-01-04,1,0,1,4,0,2,1,1,0.14,0.1818,0.63,0.0896,0,2,2
74,2011-01-04,1,0,1,5,0,2,1,1,0.12,0.1515,0.68,0.1045,0,4,4
75,2011-01-04,1,0,1,6,0,2,1,1,0.12,0.1515,0.74,0.1045,0,36,36
76,2011-01-04,1,0,1,7,0,2,1,1,0.12,0.1515,0.74,0.1343,2,92,94
77,2011-01-04,1,0,1,8,0,2,1,1,0.14,0.1515,0.69,0.1642,2,177,179
78,2011-01-04,1,0,1,9,0,2,1,1,0.16,0.1515,0.64,0.2239,2,98,100
79,2011-01-04,1,0,1,10,0,2,1,2,0.16,0.1364,0.69,0.3284,5,37,42
80,2011-01-04,1,0,1,11,0,2,1,1,0.22,0.2121,0.51,0.2985,7,50,57
81,2011-01-04,1,0,1,12,0,2,1,1,0.22,0.2273,0.51,0.1642,12,66,78
82,2011-01-04,1,0,1,13,0,2,1,1,0.24,0.2273,0.56,0.194,18,79,97
83,2011-01-04,1,0,1,14,0,2,1,1,0.26,0.2576,0.52,0.2239,9,54,63
84,2011-01-04,1,0,1,15,0,2,1,1,0.28,0.2727,0.52,0.2537,17,48,65
85,2011-01-04,1,0,1,16,0,2,1,1,0.3,0.2879,0.49,0.2537,15,68,83
86,2011-01-04,1,0,1,17,0,2,1,1,0.28,0.2727,0.48,0.2239,10,202,212
87,2011-01-04,1,0,1,18,0,2,1,1,0.26,0.2576,0.48,0.194,3,179,182
88,2011-01-04,1,0,1,19,0,2,1,1,0.24,0.2576,0.48,0.1045,2,110,112
89,2011-01-04,1,0,1,20,0,2,1,1,0.24,0.2576,0.48,0.1045,1,53,54
90,2011-01-04,1,0,1,21,0,2,1,1,0.22,0.2727,0.64,0,0,48,48
91,2011-01-04,1,0,1,22,0,2,1,1,0.22,0.2576,0.64,0.0896,1,34,35
92,2011-01-04,1,0,1,23,0,2,1,1,0.2,0.2273,0.69,0.0896,2,9,11
93,2011-01-05,1,0,1,0,0,3,1,1,0.2,0.2576,0.64,0,0,6,6
94,2011-01-05,1,0,1,1,0,3,1,1,0.16,0.197,0.74,0.0896,0,6,6
95,2011-01-05,1,0,1,2,0,3,1,1,0.16,0.197,0.74,0.0896,0,2,2
96,2011-01-05,1,0,1,4,0,3,1,1,0.24,0.2273,0.48,0.2239,0,2,2
97,2011-01-05,1,0,1,5,0,3,1,1,0.22,0.2273,0.47,0.1642,0,3,3
98,2011-01-05,1,0,1,6,0,3,1,1,0.2,0.197,0.47,0.2239,0,33,33
99,2011-01-05,1,0,1,7,0,3,1,1,0.18,0.1818,0.43,0.194,1,87,88
100,2011-01-05,1,0,1,8,0,3,1,1,0.2,0.1818,0.4,0.2985,3,192,195
101,2011-01-05,1,0,1,9,0,3,1,1,0.22,0.197,0.37,0.3284,6,109,115
102,2011-01-05,1,0,1,10,0,3,1,1,0.22,0.197,0.37,0.3284,4,53,57
103,2011-01-05,1,0,1,11,0,3,1,1,0.26,0.2273,0.33,0.3284,12,34,46
104,2011-01-05,1,0,1,12,0,3,1,1,0.26,0.2273,0.33,0.3284,5,74,79
105,2011-01-05,1,0,1,13,0,3,1,1,0.28,0.2576,0.3,0.2985,6,65,71
106,2011-01-05,1,0,1,14,0,3,1,1,0.3,0.2879,0.28,0.194,10,52,62
107,2011-01-05,1,0,1,15,0,3,1,1,0.3,0.2879,0.28,0.194,7,55,62
108,2011-01-05,1,0,1,16,0,3,1,1,0.3,0.3182,0.28,0.0896,4,85,89
109,2011-01-05,1,0,1,17,0,3,1,1,0.24,0.2273,0.38,0.194,4,186,190
110,2011-01-05,1,0,1,18,0,3,1,1,0.24,0.2424,0.38,0.1343,3,166,169
111,2011-01-05,1,0,1,19,0,3,1,1,0.24,0.2576,0.38,0.1045,5,127,132
112,2011-01-05,1,0,1,20,0,3,1,1,0.22,0.2273,0.47,0.1642,7,82,89
113,2011-01-05,1,0,1,21,0,3,1,1,0.2,0.197,0.51,0.194,3,40,43
114,2011-01-05,1,0,1,22,0,3,1,1,0.18,0.197,0.55,0.1343,1,41,42
115,2011-01-05,1,0,1,23,0,3,1,1,0.2,0.2576,0.47,0,1,18,19
116,2011-01-06,1,0,1,0,0,4,1,1,0.18,0.2424,0.55,0,0,11,11
117,2011-01-06,1,0,1,1,0,4,1,1,0.16,0.2273,0.64,0,0,4,4
118,2011-01-06,1,0,1,2,0,4,1,1,0.16,0.2273,0.64,0,0,2,2
119,2011-01-06,1,0,1,4,0,4,1,2,0.16,0.197,0.64,0.0896,0,1,1
120,2011-01-06,1,0,1,5,0,4,1,2,0.14,0.1818,0.69,0.0896,0,4,4
121,2011-01-06,1,0,1,6,0,4,1,2,0.14,0.1667,0.63,0.1045,0,36,36
122,2011-01-06,1,0,1,7,0,4,1,2,0.16,0.2273,0.59,0,0,95,95
123,2011-01-06,1,0,1,8,0,4,1,1,0.16,0.2273,0.59,0,3,216,219
124,2011-01-06,1,0,1,9,0,4,1,2,0.18,0.2424,0.51,0,6,116,122
125,2011-01-06,1,0,1,10,0,4,1,1,0.2,0.2576,0.47,0,3,42,45
126,2011-01-06,1,0,1,11,0,4,1,1,0.22,0.2576,0.44,0.0896,2,57,59
127,2011-01-06,1,0,1,12,0,4,1,1,0.26,0.2879,0.35,0,6,78,84
128,2011-01-06,1,0,1,13,0,4,1,1,0.26,0.2727,0.35,0.1045,12,55,67
129,2011-01-06,1,0,1,14,0,4,1,1,0.28,0.2727,0.36,0.1642,11,59,70
130,2011-01-06,1,0,1,15,0,4,1,1,0.28,0.2727,0.36,0,8,54,62
131,2011-01-06,1,0,1,16,0,4,1,1,0.26,0.2576,0.38,0.1642,12,74,86
132,2011-01-06,1,0,1,17,0,4,1,1,0.22,0.2273,0.51,0.1642,9,163,172
133,2011-01-06,1,0,1,18,0,4,1,1,0.22,0.2273,0.51,0.1343,5,158,163
134,2011-01-06,1,0,1,19,0,4,1,1,0.22,0.2576,0.55,0.0896,3,109,112
135,2011-01-06,1,0,1,20,0,4,1,1,0.2,0.2121,0.51,0.1642,3,66,69
136,2011-01-06,1,0,1,21,0,4,1,2,0.22,0.2121,0.55,0.2239,0,48,48
137,2011-01-06,1,0,1,22,0,4,1,2,0.22,0.2121,0.51,0.2836,1,51,52
138,2011-01-06,1,0,1,23,0,4,1,2,0.2,0.197,0.59,0.194,4,19,23
139,2011-01-07,1,0,1,0,0,5,1,2,0.2,0.197,0.64,0.194,4,13,17
140,2011-01-07,1,0,1,1,0,5,1,2,0.2,0.197,0.69,0.2239,2,5,7
141,2011-01-07,1,0,1,2,0,5,1,2,0.2,0.197,0.69,0.2239,0,1,1
142,2011-01-07,1,0,1,4,0,5,1,2,0.2,0.2121,0.69,0.1343,0,1,1
143,2011-01-07,1,0,1,5,0,5,1,3,0.22,0.2727,0.55,0,0,5,5
144,2011-01-07,1,0,1,6,0,5,1,2,0.2,0.2576,0.69,0,8,26,34
145,2011-01-07,1,0,1,7,0,5,1,1,0.2,0.2121,0.69,0.1343,8,76,84
146,2011-01-07,1,0,1,8,0,5,1,1,0.2,0.197,0.51,0.2537,20,190,210
147,2011-01-07,1,0,1,9,0,5,1,1,0.2,0.1818,0.47,0.2985,9,125,134
148,2011-01-07,1,0,1,10,0,5,1,1,0.22,0.197,0.37,0.3284,16,47,63
149,2011-01-07,1,0,1,11,0,5,1,2,0.2,0.197,0.4,0.2239,19,48,67
150,2011-01-07,1,0,1,12,0,5,1,2,0.2,0.197,0.37,0.2537,9,50,59
151,2011-01-07,1,0,1,13,0,5,1,2,0.2,0.1818,0.37,0.2836,9,64,73
152,2011-01-07,1,0,1,14,0,5,1,2,0.2,0.197,0.4,0.2537,7,43,50
153,2011-01-07,1,0,1,15,0,5,1,2,0.2,0.2121,0.37,0.1642,9,63,72
154,2011-01-07,1,0,1,16,0,5,1,2,0.2,0.2121,0.37,0.1642,5,82,87
155,2011-01-07,1,0,1,17,0,5,1,2,0.2,0.2576,0.37,0,9,178,187
156,2011-01-07,1,0,1,18,0,5,1,1,0.2,0.2273,0.4,0.0896,7,116,123
157,2011-01-07,1,0,1,19,0,5,1,1,0.16,0.197,0.55,0.0896,3,92,95
158,2011-01-07,1,0,1,20,0,5,1,1,0.18,0.2121,0.47,0.1045,1,50,51
159,2011-01-07,1,0,1,21,0,5,1,1,0.18,0.197,0.47,0.1343,0,39,39
160,2011-01-07,1,0,1,22,0,5,1,2,0.18,0.197,0.43,0.1642,2,34,36
161,2011-01-07,1,0,1,23,0,5,1,2,0.18,0.197,0.51,0.1642,1,14,15
162,2011-01-08,1,0,1,0,0,6,0,2,0.18,0.197,0.51,0.1642,1,24,25
163,2011-01-08,1,0,1,1,0,6,0,2,0.18,0.2121,0.55,0.0896,1,15,16
164,2011-01-08,1,0,1,2,0,6,0,2,0.18,0.2424,0.55,0,3,13,16
165,2011-01-08,1,0,1,3,0,6,0,3,0.18,0.197,0.55,0.1642,0,7,7
166,2011-01-08,1,0,1,4,0,6,0,3,0.18,0.197,0.55,0.1642,0,1,1
167,2011-01-08,1,0,1,5,0,6,0,2,0.16,0.1667,0.74,0.1642,0,5,5
168,2011-01-08,1,0,1,6,0,6,0,2,0.16,0.1667,0.74,0.1642,0,2,2
169,2011-01-08,1,0,1,7,0,6,0,2,0.16,0.1818,0.74,0.1045,1,8,9
170,2011-01-08,1,0,1,8,0,6,0,3,0.16,0.1818,0.93,0.1045,0,15,15
171,2011-01-08,1,0,1,9,0,6,0,3,0.16,0.1818,0.93,0.1045,0,20,20
172,2011-01-08,1,0,1,10,0,6,0,2,0.18,0.197,0.8,0.1642,5,56,61
173,2011-01-08,1,0,1,11,0,6,0,2,0.2,0.1818,0.69,0.3881,2,60,62
174,2011-01-08,1,0,1,12,0,6,0,2,0.2,0.1818,0.59,0.3582,8,90,98
175,2011-01-08,1,0,1,13,0,6,0,1,0.2,0.1818,0.44,0.3284,7,95,102
176,2011-01-08,1,0,1,14,0,6,0,1,0.2,0.1667,0.32,0.4925,12,83,95
177,2011-01-08,1,0,1,15,0,6,0,1,0.2,0.1667,0.32,0.4478,5,69,74
178,2011-01-08,1,0,1,16,0,6,0,1,0.18,0.1364,0.29,0.4478,8,68,76
179,2011-01-08,1,0,1,17,0,6,0,1,0.16,0.1212,0.37,0.5522,5,64,69
180,2011-01-08,1,0,1,18,0,6,0,1,0.14,0.1212,0.39,0.2985,3,52,55
181,2011-01-08,1,0,1,19,0,6,0,1,0.14,0.1212,0.36,0.2537,4,26,30
182,2011-01-08,1,0,1,20,0,6,0,1,0.12,0.1212,0.36,0.2537,0,28,28
183,2011-01-08,1,0,1,21,0,6,0,1,0.12,0.1061,0.39,0.3582,2,35,37
184,2011-01-08,1,0,1,22,0,6,0,1,0.12,0.1061,0.36,0.3881,1,33,34
185,2011-01-08,1,0,1,23,0,6,0,1,0.1,0.0606,0.39,0.4478,0,22,22
186,2011-01-09,1,0,1,0,0,0,0,1,0.1,0.0758,0.42,0.3881,1,24,25
187,2011-01-09,1,0,1,1,0,0,0,1,0.1,0.0606,0.42,0.4627,0,12,12
188,2011-01-09,1,0,1,2,0,0,0,1,0.1,0.0606,0.46,0.4627,0,11,11
189,2011-01-09,1,0,1,3,0,0,0,1,0.1,0.0758,0.46,0.4179,0,4,4
190,2011-01-09,1,0,1,4,0,0,0,1,0.08,0.0909,0.53,0.194,0,1,1
191,2011-01-09,1,0,1,5,0,0,0,1,0.08,0.0909,0.53,0.194,0,1,1
192,2011-01-09,1,0,1,6,0,0,0,1,0.1,0.0909,0.49,0.2836,0,1,1
193,2011-01-09,1,0,1,7,0,0,0,1,0.08,0.0909,0.53,0.194,1,5,6
194,2011-01-09,1,0,1,8,0,0,0,1,0.1,0.0909,0.49,0.2836,0,10,10
195,2011-01-09,1,0,1,9,0,0,0,1,0.12,0.0758,0.46,0.5224,0,19,19
196,2011-01-09,1,0,1,10,0,0,0,1,0.14,0.1061,0.43,0.3881,0,49,49
197,2011-01-09,1,0,1,11,0,0,0,1,0.16,0.1212,0.4,0.5224,2,47,49
198,2011-01-09,1,0,1,12,0,0,0,1,0.18,0.1364,0.37,0.4478,4,79,83
199,2011-01-09,1,0,1,13,0,0,0,1,0.2,0.1667,0.34,0.4478,6,69,75
200,2011-01-09,1,0,1,14,0,0,0,1,0.22,0.1818,0.32,0.4627,8,64,72
201,2011-01-09,1,0,1,15,0,0,0,1,0.22,0.197,0.35,0.3582,5,77,82
202,2011-01-09,1,0,1,16,0,0,0,1,0.2,0.1667,0.34,0.4478,13,79,92
203,2011-01-09,1,0,1,17,0,0,0,1,0.18,0.1515,0.37,0.3881,3,59,62
204,2011-01-09,1,0,1,18,0,0,0,1,0.16,0.1364,0.4,0.3284,4,44,48
205,2011-01-09,1,0,1,19,0,0,0,1,0.16,0.1364,0.43,0.3284,1,40,41
206,2011-01-09,1,0,1,20,0,0,0,1,0.14,0.1212,0.46,0.2537,0,38,38
207,2011-01-09,1,0,1,21,0,0,0,1,0.14,0.1061,0.46,0.4179,1,19,20
208,2011-01-09,1,0,1,22,0,0,0,1,0.14,0.1212,0.46,0.2985,5,10,15
209,2011-01-09,1,0,1,23,0,0,0,1,0.12,0.1364,0.5,0.194,0,6,6
210,2011-01-10,1,0,1,0,0,1,1,1,0.12,0.1212,0.5,0.2836,2,3,5
211,2011-01-10,1,0,1,1,0,1,1,1,0.12,0.1212,0.5,0.2836,1,0,1
212,2011-01-10,1,0,1,2,0,1,1,1,0.12,0.1212,0.5,0.2239,0,3,3
213,2011-01-10,1,0,1,3,0,1,1,1,0.12,0.1212,0.5,0.2239,0,1,1
214,2011-01-10,1,0,1,4,0,1,1,1,0.1,0.1212,0.54,0.1343,1,2,3
215,2011-01-10,1,0,1,5,0,1,1,1,0.1,0.1061,0.54,0.2537,0,3,3
216,2011-01-10,1,0,1,6,0,1,1,1,0.12,0.1212,0.5,0.2836,0,31,31
217,2011-01-10,1,0,1,7,0,1,1,1,0.12,0.1212,0.5,0.2239,2,75,77
218,2011-01-10,1,0,1,8,0,1,1,2,0.12,0.1212,0.5,0.2836,4,184,188
219,2011-01-10,1,0,1,9,0,1,1,2,0.14,0.1212,0.5,0.2537,2,92,94
220,2011-01-10,1,0,1,10,0,1,1,2,0.14,0.1212,0.5,0.2985,0,31,31
221,2011-01-10,1,0,1,11,0,1,1,2,0.16,0.1364,0.47,0.2836,2,28,30
222,2011-01-10,1,0,1,12,0,1,1,2,0.2,0.1818,0.4,0.2836,5,47,52
223,2011-01-10,1,0,1,13,0,1,1,2,0.2,0.1818,0.4,0.2836,4,50,54
224,2011-01-10,1,0,1,14,0,1,1,2,0.2,0.197,0.4,0.2239,0,47,47
225,2011-01-10,1,0,1,15,0,1,1,2,0.2,0.197,0.4,0.2239,2,43,45
226,2011-01-10,1,0,1,16,0,1,1,1,0.2,0.2121,0.4,0.1343,4,70,74
227,2011-01-10,1,0,1,17,0,1,1,1,0.2,0.2273,0.4,0.1045,4,174,178
228,2011-01-10,1,0,1,18,0,1,1,1,0.2,0.197,0.4,0.2239,1,154,155
229,2011-01-10,1,0,1,19,0,1,1,1,0.16,0.1667,0.47,0.1642,3,92,95
230,2011-01-10,1,0,1,20,0,1,1,1,0.16,0.1667,0.5,0.1642,1,73,74
231,2011-01-10,1,0,1,21,0,1,1,1,0.14,0.1364,0.59,0.194,1,37,38
232,2011-01-10,1,0,1,22,0,1,1,1,0.14,0.1515,0.59,0.1642,2,22,24
233,2011-01-10,1,0,1,23,0,1,1,1,0.14,0.1515,0.59,0.1642,0,18,18
234,2011-01-11,1,0,1,0,0,2,1,1,0.14,0.1667,0.59,0.1045,2,10,12
235,2011-01-11,1,0,1,1,0,2,1,1,0.14,0.1515,0.59,0.1642,0,3,3
236,2011-01-11,1,0,1,2,0,2,1,2,0.16,0.1515,0.55,0.194,0,3,3
237,2011-01-11,1,0,1,5,0,2,1,2,0.16,0.1818,0.55,0.1343,0,6,6
238,2011-01-11,1,0,1,6,0,2,1,2,0.16,0.1818,0.55,0.1343,0,27,27
239,2011-01-11,1,0,1,7,0,2,1,2,0.16,0.2273,0.55,0,2,97,99
240,2011-01-11,1,0,1,8,0,2,1,2,0.18,0.2121,0.51,0.0896,3,214,217
241,2011-01-11,1,0,1,9,0,2,1,2,0.18,0.197,0.51,0.1642,3,127,130
242,2011-01-11,1,0,1,10,0,2,1,2,0.2,0.2121,0.51,0.1642,3,51,54
243,2011-01-11,1,0,1,11,0,2,1,2,0.2,0.2121,0.47,0.1343,4,31,35
244,2011-01-11,1,0,1,12,0,2,1,2,0.2,0.2273,0.51,0.1045,2,55,57
245,2011-01-11,1,0,1,13,0,2,1,2,0.2,0.2273,0.59,0.0896,6,46,52
246,2011-01-11,1,0,1,14,0,2,1,2,0.2,0.2273,0.59,0.0896,3,60,63
247,2011-01-11,1,0,1,15,0,2,1,2,0.16,0.197,0.8,0.0896,2,45,47
248,2011-01-11,1,0,1,16,0,2,1,2,0.16,0.1515,0.86,0.2239,4,72,76
249,2011-01-11,1,0,1,17,0,2,1,2,0.16,0.1515,0.86,0.2239,6,130,136
250,2011-01-11,1,0,1,18,0,2,1,3,0.16,0.1818,0.93,0.1045,1,94,95
251,2011-01-11,1,0,1,19,0,2,1,3,0.16,0.2273,0.93,0,0,51,51
252,2011-01-11,1,0,1,20,0,2,1,3,0.16,0.1515,0.93,0.194,0,32,32
253,2011-01-11,1,0,1,21,0,2,1,3,0.16,0.197,0.86,0.0896,0,20,20
254,2011-01-11,1,0,1,22,0,2,1,3,0.16,0.1818,0.93,0.1045,1,28,29
255,2011-01-11,1,0,1,23,0,2,1,3,0.16,0.197,0.93,0.0896,1,18,19
256,2011-01-12,1,0,1,0,0,3,1,2,0.16,0.197,0.86,0.0896,0,7,7
257,2011-01-12,1,0,1,1,0,3,1,2,0.16,0.1818,0.86,0.1045,0,6,6
258,2011-01-12,1,0,1,2,0,3,1,1,0.14,0.1515,0.86,0.1343,0,1,1
259,2011-01-12,1,0,1,5,0,3,1,1,0.14,0.1515,0.86,0.1642,0,5,5
260,2011-01-12,1,0,1,6,0,3,1,1,0.12,0.1515,0.93,0.1343,0,16,16
261,2011-01-12,1,0,1,7,0,3,1,1,0.14,0.1515,0.69,0.1343,0,54,54
262,2011-01-12,1,0,1,8,0,3,1,1,0.16,0.1667,0.59,0.1642,3,125,128
263,2011-01-12,1,0,1,9,0,3,1,1,0.16,0.1364,0.59,0.3284,3,78,81
264,2011-01-12,1,0,1,10,0,3,1,1,0.18,0.1818,0.55,0.2239,0,39,39
265,2011-01-12,1,0,1,11,0,3,1,1,0.2,0.1818,0.51,0.3881,3,32,35
266,2011-01-12,1,0,1,12,0,3,1,1,0.2,0.1515,0.47,0.5821,3,52,55
267,2011-01-12,1,0,1,13,0,3,1,1,0.22,0.197,0.44,0.3582,0,49,49
268,2011-01-12,1,0,1,14,0,3,1,1,0.2,0.1818,0.47,0.3284,0,44,44
269,2011-01-12,1,0,1,15,0,3,1,1,0.2,0.1667,0.47,0.4179,1,48,49
270,2011-01-12,1,0,1,16,0,3,1,1,0.22,0.197,0.44,0.3284,5,63,68
271,2011-01-12,1,0,1,17,0,3,1,1,0.2,0.1818,0.47,0.3582,0,139,139
272,2011-01-12,1,0,1,18,0,3,1,1,0.2,0.1515,0.47,0.5224,2,135,137
273,2011-01-12,1,0,1,19,0,3,1,1,0.18,0.1515,0.47,0.4179,1,82,83
274,2011-01-12,1,0,1,20,0,3,1,1,0.16,0.1364,0.5,0.3284,2,54,56
275,2011-01-12,1,0,1,21,0,3,1,1,0.16,0.1364,0.55,0.3284,0,57,57
276,2011-01-12,1,0,1,22,0,3,1,1,0.16,0.1212,0.55,0.4478,1,32,33
277,2011-01-12,1,0,1,23,0,3,1,1,0.14,0.1061,0.59,0.4179,1,19,20
278,2011-01-13,1,0,1,0,0,4,1,1,0.14,0.1212,0.59,0.2836,1,6,7
279,2011-01-13,1,0,1,1,0,4,1,1,0.14,0.1212,0.5,0.2836,0,2,2
280,2011-01-13,1,0,1,2,0,4,1,1,0.14,0.1212,0.5,0.3582,0,2,2
281,2011-01-13,1,0,1,3,0,4,1,1,0.14,0.1212,0.5,0.3284,0,3,3
282,2011-01-13,1,0,1,4,0,4,1,1,0.14,0.1212,0.5,0.2537,0,4,4
283,2011-01-13,1,0,1,5,0,4,1,1,0.14,0.1212,0.5,0.2985,0,3,3
284,2011-01-13,1,0,1,6,0,4,1,1,0.12,0.1515,0.54,0.1343,0,28,28
285,2011-01-13,1,0,1,7,0,4,1,1,0.12,0.1515,0.54,0.1343,0,72,72
286,2011-01-13,1,0,1,8,0,4,1,1,0.14,0.1364,0.5,0.194,5,197,202
287,2011-01-13,1,0,1,9,0,4,1,1,0.14,0.1212,0.5,0.3284,2,137,139
288,2011-01-13,1,0,1,10,0,4,1,2,0.16,0.1364,0.5,0.3582,2,36,38
289,2011-01-13,1,0,1,11,0,4,1,2,0.2,0.1667,0.44,0.4478,4,33,37
290,2011-01-13,1,0,1,12,0,4,1,1,0.2,0.1667,0.44,0.4179,3,49,52
291,2011-01-13,1,0,1,13,0,4,1,1,0.22,0.197,0.41,0.4478,2,81,83
292,2011-01-13,1,0,1,14,0,4,1,1,0.22,0.197,0.41,0.3881,3,39,42
293,2011-01-13,1,0,1,15,0,4,1,1,0.24,0.2121,0.38,0.2985,5,55,60
294,2011-01-13,1,0,1,16,0,4,1,1,0.24,0.2121,0.38,0.3582,2,76,78
295,2011-01-13,1,0,1,17,0,4,1,1,0.2,0.1818,0.4,0.2836,4,158,162
296,2011-01-13,1,0,1,18,0,4,1,1,0.2,0.1818,0.4,0.3284,3,141,144
297,2011-01-13,1,0,1,19,0,4,1,1,0.16,0.1515,0.47,0.2537,1,98,99
298,2011-01-13,1,0,1,20,0,4,1,1,0.16,0.1515,0.47,0.2239,0,64,64
299,2011-01-13,1,0,1,21,0,4,1,1,0.14,0.1212,0.46,0.2985,0,40,40
300,2011-01-13,1,0,1,22,0,4,1,1,0.14,0.1212,0.46,0.3284,0,30,30
301,2011-01-13,1,0,1,23,0,4,1,1,0.12,0.1364,0.5,0.194,1,14,15
302,2011-01-14,1,0,1,0,0,5,1,1,0.12,0.1364,0.5,0.194,0,14,14
303,2011-01-14,1,0,1,1,0,5,1,1,0.1,0.1212,0.54,0.1642,0,5,5
304,2011-01-14,1,0,1,2,0,5,1,1,0.1,0.1212,0.54,0.1343,0,1,1
305,2011-01-14,1,0,1,3,0,5,1,1,0.1,0.1364,0.54,0.1045,0,1,1
306,2011-01-14,1,0,1,5,0,5,1,1,0.1,0.1364,0.54,0.0896,0,8,8
307,2011-01-14,1,0,1,6,0,5,1,1,0.1,0.1818,0.54,0,0,17,17
308,2011-01-14,1,0,1,7,0,5,1,1,0.1,0.1212,0.74,0.1642,0,70,70
309,2011-01-14,1,0,1,8,0,5,1,1,0.12,0.1667,0.68,0,2,156,158
310,2011-01-14,1,0,1,9,0,5,1,1,0.14,0.1515,0.69,0.1343,0,117,117
311,2011-01-14,1,0,1,10,0,5,1,1,0.18,0.1818,0.55,0.194,4,40,44
312,2011-01-14,1,0,1,11,0,5,1,1,0.18,0.1667,0.51,0.2836,6,47,53
313,2011-01-14,1,0,1,12,0,5,1,1,0.2,0.197,0.44,0.2537,2,59,61
314,2011-01-14,1,0,1,13,0,5,1,1,0.22,0.197,0.37,0.3881,4,73,77
315,2011-01-14,1,0,1,14,0,5,1,1,0.22,0.2121,0.41,0.2836,5,59,64
316,2011-01-14,1,0,1,15,0,5,1,1,0.24,0.2424,0.38,0.1642,9,59,68
317,2011-01-14,1,0,1,16,0,5,1,1,0.22,0.2424,0.41,0.1045,3,87,90
318,2011-01-14,1,0,1,17,0,5,1,1,0.22,0.2273,0.41,0.1642,4,155,159
319,2011-01-14,1,0,1,18,0,5,1,1,0.2,0.2576,0.47,0,5,134,139
320,2011-01-14,1,0,1,19,0,5,1,1,0.16,0.197,0.59,0.0896,3,89,92
321,2011-01-14,1,0,1,20,0,5,1,1,0.18,0.2424,0.59,0,0,68,68
322,2011-01-14,1,0,1,21,0,5,1,1,0.16,0.2273,0.69,0,4,48,52
323,2011-01-14,1,0,1,22,0,5,1,2,0.16,0.2273,0.69,0,2,34,36
324,2011-01-14,1,0,1,23,0,5,1,2,0.18,0.2424,0.55,0,1,26,27
325,2011-01-15,1,0,1,0,0,6,0,1,0.18,0.2424,0.55,0,3,25,28
326,2011-01-15,1,0,1,1,0,6,0,2,0.16,0.197,0.59,0.0896,2,18,20
327,2011-01-15,1,0,1,2,0,6,0,2,0.16,0.197,0.59,0.0896,0,12,12
328,2011-01-15,1,0,1,3,0,6,0,2,0.16,0.2273,0.59,0,1,7,8
329,2011-01-15,1,0,1,4,0,6,0,2,0.16,0.2273,0.59,0,0,5,5
330,2011-01-15,1,0,1,5,0,6,0,1,0.16,0.2273,0.59,0,0,1,1
331,2011-01-15,1,0,1,6,0,6,0,1,0.14,0.1667,0.63,0.1045,1,2,3
332,2011-01-15,1,0,1,7,0,6,0,1,0.14,0.2121,0.63,0,1,9,10
333,2011-01-15,1,0,1,8,0,6,0,1,0.14,0.1515,0.63,0.1343,1,22,23
334,2011-01-15,1,0,1,9,0,6,0,1,0.16,0.1818,0.64,0.1343,2,31,33
335,2011-01-15,1,0,1,10,0,6,0,1,0.18,0.197,0.59,0.1642,2,57,59
336,2011-01-15,1,0,1,11,0,6,0,1,0.2,0.197,0.55,0.2239,18,54,72
337,2011-01-15,1,0,1,12,0,6,0,1,0.24,0.2273,0.48,0.2239,15,74,89
338,2011-01-15,1,0,1,13,0,6,0,1,0.28,0.2576,0.38,0.2985,21,80,101
339,2011-01-15,1,0,1,14,0,6,0,1,0.3,0.2879,0.39,0.2836,26,92,118
340,2011-01-15,1,0,1,15,0,6,0,2,0.32,0.3182,0.36,0.194,21,108,129
341,2011-01-15,1,0,1,16,0,6,0,2,0.34,0.3333,0.34,0.194,33,95,128
342,2011-01-15,1,0,1,17,0,6,0,2,0.32,0.303,0.36,0.2836,29,54,83
343,2011-01-15,1,0,1,18,0,6,0,2,0.3,0.2879,0.45,0.2537,15,69,84
344,2011-01-15,1,0,1,19,0,6,0,2,0.32,0.303,0.39,0.2537,14,60,74
345,2011-01-15,1,0,1,20,0,6,0,2,0.32,0.303,0.39,0.2537,6,35,41
346,2011-01-15,1,0,1,21,0,6,0,2,0.32,0.303,0.39,0.2239,6,51,57
347,2011-01-15,1,0,1,22,0,6,0,2,0.3,0.3182,0.42,0.1045,0,26,26
348,2011-01-15,1,0,1,23,0,6,0,1,0.3,0.2879,0.45,0.2836,5,39,44
349,2011-01-16,1,0,1,0,0,0,0,1,0.26,0.303,0.56,0,6,33,39
350,2011-01-16,1,0,1,1,0,0,0,1,0.26,0.2727,0.56,0.1343,4,19,23
351,2011-01-16,1,0,1,2,0,0,0,1,0.26,0.2879,0.56,0.0896,3,13,16
352,2011-01-16,1,0,1,3,0,0,0,1,0.22,0.2727,0.69,0,9,6,15
353,2011-01-16,1,0,1,4,0,0,0,1,0.26,0.2576,0.56,0.1642,0,1,1
354,2011-01-16,1,0,1,5,0,0,0,2,0.26,0.2576,0.56,0.1642,1,1,2
355,2011-01-16,1,0,1,6,0,0,0,2,0.26,0.2576,0.56,0.1642,0,1,1
356,2011-01-16,1,0,1,7,0,0,0,2,0.24,0.2121,0.56,0.2985,0,3,3
357,2011-01-16,1,0,1,8,0,0,0,1,0.22,0.2121,0.55,0.2836,0,18,18
358,2011-01-16,1,0,1,9,0,0,0,1,0.22,0.2121,0.51,0.2537,3,29,32
359,2011-01-16,1,0,1,10,0,0,0,1,0.22,0.2121,0.51,0.2836,8,71,79
360,2011-01-16,1,0,1,11,0,0,0,1,0.24,0.2273,0.44,0.2537,23,70,93
361,2011-01-16,1,0,1,12,0,0,0,1,0.24,0.2121,0.41,0.2836,29,75,104
362,2011-01-16,1,0,1,13,0,0,0,1,0.26,0.2273,0.35,0.2985,23,95,118
363,2011-01-16,1,0,1,14,0,0,0,1,0.28,0.2727,0.36,0.2537,22,69,91
364,2011-01-16,1,0,1,15,0,0,0,1,0.26,0.2424,0.38,0.2537,35,78,113
365,2011-01-16,1,0,1,16,0,0,0,1,0.24,0.2273,0.38,0.2239,22,77,99
366,2011-01-16,1,0,1,17,0,0,0,1,0.22,0.2121,0.37,0.2537,23,82,105
367,2011-01-16,1,0,1,18,0,0,0,1,0.2,0.2121,0.4,0.1642,11,56,67
368,2011-01-16,1,0,1,19,0,0,0,1,0.18,0.197,0.47,0.1343,14,47,61
369,2011-01-16,1,0,1,20,0,0,0,1,0.18,0.197,0.47,0.1642,7,50,57
370,2011-01-16,1,0,1,21,0,0,0,1,0.18,0.197,0.51,0.1642,6,22,28
371,2011-01-16,1,0,1,22,0,0,0,2,0.2,0.2121,0.49,0.1343,2,19,21
372,2011-01-16,1,0,1,23,0,0,0,2,0.2,0.2273,0.4,0.1045,0,18,18
373,2011-01-17,1,0,1,0,1,1,0,2,0.2,0.197,0.47,0.2239,1,16,17
374,2011-01-17,1,0,1,1,1,1,0,2,0.2,0.197,0.44,0.194,1,15,16
375,2011-01-17,1,0,1,2,1,1,0,2,0.18,0.1667,0.43,0.2537,0,8,8
376,2011-01-17,1,0,1,3,1,1,0,2,0.18,0.1818,0.43,0.194,0,2,2
377,2011-01-17,1,0,1,4,1,1,0,2,0.18,0.197,0.43,0.1343,1,2,3
378,2011-01-17,1,0,1,5,1,1,0,2,0.18,0.197,0.43,0.1642,0,1,1
379,2011-01-17,1,0,1,6,1,1,0,2,0.18,0.1818,0.43,0.194,0,5,5
380,2011-01-17,1,0,1,7,1,1,0,2,0.16,0.1818,0.5,0.1343,4,9,13
381,2011-01-17,1,0,1,8,1,1,0,2,0.16,0.1515,0.47,0.2239,3,30,33
382,2011-01-17,1,0,1,9,1,1,0,2,0.16,0.1515,0.47,0.2239,8,39,47
383,2011-01-17,1,0,1,10,1,1,0,2,0.16,0.1515,0.5,0.2537,7,50,57
384,2011-01-17,1,0,1,11,1,1,0,2,0.16,0.1515,0.55,0.194,9,55,64
385,2011-01-17,1,0,1,12,1,1,0,2,0.18,0.197,0.47,0.1343,10,70,80
386,2011-01-17,1,0,1,13,1,1,0,2,0.18,0.197,0.47,0.1343,13,80,93
387,2011-01-17,1,0,1,14,1,1,0,2,0.18,0.2121,0.43,0.1045,12,74,86
388,2011-01-17,1,0,1,15,1,1,0,2,0.2,0.2121,0.47,0.1642,21,72,93
389,2011-01-17,1,0,1,16,1,1,0,2,0.2,0.2121,0.47,0.1642,6,76,82
390,2011-01-17,1,0,1,17,1,1,0,1,0.2,0.197,0.51,0.194,4,67,71
391,2011-01-17,1,0,1,18,1,1,0,2,0.18,0.1667,0.55,0.2537,7,85,92
392,2011-01-17,1,0,1,19,1,1,0,3,0.18,0.1818,0.59,0.194,2,58,60
393,2011-01-17,1,0,1,20,1,1,0,3,0.16,0.1515,0.8,0.194,4,29,33
394,2011-01-17,1,0,1,21,1,1,0,3,0.16,0.1515,0.8,0.194,3,24,27
395,2011-01-17,1,0,1,22,1,1,0,3,0.14,0.1212,0.93,0.2537,0,13,13
396,2011-01-17,1,0,1,23,1,1,0,3,0.16,0.1364,0.86,0.2836,1,3,4
397,2011-01-18,1,0,1,12,0,2,1,2,0.2,0.1818,0.86,0.3284,0,3,3
398,2011-01-18,1,0,1,13,0,2,1,2,0.2,0.197,0.86,0.2239,0,22,22
399,2011-01-18,1,0,1,14,0,2,1,2,0.22,0.2273,0.8,0.1642,2,26,28
400,2011-01-18,1,0,1,15,0,2,1,2,0.22,0.2273,0.87,0.1642,3,32,35
401,2011-01-18,1,0,1,16,0,2,1,2,0.22,0.2273,0.87,0.194,0,61,61
402,2011-01-18,1,0,1,17,0,2,1,2,0.22,0.2273,0.82,0.194,1,124,125
403,2011-01-18,1,0,1,18,0,2,1,2,0.22,0.2273,0.8,0.1642,1,132,133
404,2011-01-18,1,0,1,19,0,2,1,2,0.22,0.2273,0.8,0.1343,1,98,99
405,2011-01-18,1,0,1,20,0,2,1,2,0.22,0.2727,0.87,0,0,83,83
406,2011-01-18,1,0,1,21,0,2,1,2,0.22,0.2424,0.93,0.1045,0,41,41
407,2011-01-18,1,0,1,22,0,2,1,2,0.22,0.2576,0.93,0.0896,0,33,33
408,2011-01-18,1,0,1,23,0,2,1,2,0.22,0.2727,0.93,0,1,19,20
409,2011-01-19,1,0,1,0,0,3,1,2,0.22,0.2727,0.93,0,0,3,3
410,2011-01-19,1,0,1,1,0,3,1,3,0.22,0.2273,0.93,0.1343,1,6,7
411,2011-01-19,1,0,1,2,0,3,1,3,0.22,0.2273,0.93,0.1343,0,3,3
412,2011-01-19,1,0,1,4,0,3,1,3,0.22,0.2273,0.93,0.1343,1,1,2
413,2011-01-19,1,0,1,5,0,3,1,2,0.22,0.2576,0.93,0.0896,0,7,7
414,2011-01-19,1,0,1,6,0,3,1,2,0.22,0.2576,0.93,0.0896,0,32,32
415,2011-01-19,1,0,1,7,0,3,1,2,0.24,0.2576,0.92,0.1045,1,89,90
416,2011-01-19,1,0,1,8,0,3,1,2,0.24,0.2576,0.93,0.1045,1,196,197
417,2011-01-19,1,0,1,9,0,3,1,2,0.24,0.2576,0.93,0.1045,2,107,109
418,2011-01-19,1,0,1,10,0,3,1,2,0.26,0.2727,0.93,0.1343,1,46,47
419,2011-01-19,1,0,1,11,0,3,1,2,0.28,0.303,0.87,0.0896,5,47,52
420,2011-01-19,1,0,1,12,0,3,1,2,0.3,0.3182,0.81,0.0896,5,65,70
421,2011-01-19,1,0,1,13,0,3,1,1,0.4,0.4091,0.62,0.2836,11,67,78
422,2011-01-19,1,0,1,14,0,3,1,1,0.4,0.4091,0.58,0.2537,7,68,75
423,2011-01-19,1,0,1,15,0,3,1,1,0.4,0.4091,0.54,0.2836,4,78,82
424,2011-01-19,1,0,1,16,0,3,1,1,0.38,0.3939,0.58,0.3881,10,94,104
425,2011-01-19,1,0,1,17,0,3,1,1,0.36,0.3333,0.57,0.3284,7,190,197
426,2011-01-19,1,0,1,18,0,3,1,1,0.34,0.3182,0.61,0.2836,5,156,161
427,2011-01-19,1,0,1,19,0,3,1,1,0.32,0.2879,0.57,0.4179,4,108,112
428,2011-01-19,1,0,1,20,0,3,1,1,0.32,0.303,0.49,0.2985,2,74,76
429,2011-01-19,1,0,1,21,0,3,1,1,0.32,0.2879,0.49,0.4179,4,55,59
430,2011-01-19,1,0,1,22,0,3,1,1,0.3,0.303,0.52,0.1642,6,53,59
431,2011-01-19,1,0,1,23,0,3,1,1,0.3,0.2727,0.52,0.4627,1,27,28
432,2011-01-20,1,0,1,0,0,4,1,1,0.26,0.2273,0.56,0.3881,5,8,13
433,2011-01-20,1,0,1,1,0,4,1,1,0.26,0.2727,0.56,0,2,3,5
434,2011-01-20,1,0,1,2,0,4,1,1,0.26,0.2727,0.56,0,0,2,2
435,2011-01-20,1,0,1,3,0,4,1,1,0.26,0.2576,0.56,0.1642,0,1,1
436,2011-01-20,1,0,1,4,0,4,1,1,0.26,0.2576,0.56,0.1642,0,1,1
437,2011-01-20,1,0,1,5,0,4,1,1,0.24,0.2273,0.6,0.2239,0,6,6
438,2011-01-20,1,0,1,6,0,4,1,1,0.22,0.2121,0.6,0.2239,0,35,35
439,2011-01-20,1,0,1,7,0,4,1,1,0.22,0.2121,0.55,0.2239,1,100,101
440,2011-01-20,1,0,1,8,0,4,1,1,0.22,0.2121,0.55,0.2836,2,247,249
441,2011-01-20,1,0,1,9,0,4,1,2,0.24,0.2273,0.52,0.2239,3,140,143
442,2011-01-20,1,0,1,10,0,4,1,1,0.26,0.2273,0.48,0.2985,1,56,57
443,2011-01-20,1,0,1,11,0,4,1,2,0.28,0.2727,0.45,0.1642,5,63,68
444,2011-01-20,1,0,1,12,0,4,1,2,0.3,0.3333,0.42,0,7,77,84
445,2011-01-20,1,0,1,13,0,4,1,2,0.28,0.2879,0.45,0.1045,12,86,98
446,2011-01-20,1,0,1,14,0,4,1,2,0.3,0.303,0.45,0.1343,6,75,81
447,2011-01-20,1,0,1,15,0,4,1,2,0.32,0.3182,0.45,0.194,8,62,70
448,2011-01-20,1,0,1,16,0,4,1,2,0.3,0.303,0.49,0.1343,8,83,91
449,2011-01-20,1,0,1,17,0,4,1,2,0.3,0.3182,0.49,0.1045,8,207,215
450,2011-01-20,1,0,1,18,0,4,1,2,0.26,0.2576,0.56,0.194,1,184,185
451,2011-01-20,1,0,1,19,0,4,1,1,0.26,0.2273,0.56,0.3284,6,146,152
452,2011-01-20,1,0,1,20,0,4,1,2,0.26,0.2424,0.6,0.2836,2,124,126
453,2011-01-20,1,0,1,21,0,4,1,2,0.24,0.2273,0.6,0.2537,3,54,57
454,2011-01-20,1,0,1,22,0,4,1,2,0.24,0.2121,0.65,0.2836,0,56,56
455,2011-01-20,1,0,1,23,0,4,1,2,0.24,0.2121,0.65,0.3284,3,28,31
456,2011-01-21,1,0,1,0,0,5,1,2,0.24,0.2273,0.7,0.2537,1,20,21
457,2011-01-21,1,0,1,1,0,5,1,2,0.24,0.2273,0.7,0.2537,0,6,6
458,2011-01-21,1,0,1,2,0,5,1,3,0.24,0.2424,0.75,0.1642,0,2,2
459,2011-01-21,1,0,1,3,0,5,1,3,0.22,0.2121,0.8,0.2985,0,1,1
460,2011-01-21,1,0,1,4,0,5,1,2,0.22,0.2576,0.87,0.0896,0,1,1
461,2011-01-21,1,0,1,5,0,5,1,1,0.24,0.197,0.6,0.4179,1,4,5
462,2011-01-21,1,0,1,6,0,5,1,1,0.22,0.2121,0.55,0.2537,0,27,27
463,2011-01-21,1,0,1,7,0,5,1,1,0.2,0.1818,0.51,0.2836,2,66,68
464,2011-01-21,1,0,1,8,0,5,1,1,0.2,0.1818,0.47,0.3284,7,210,217
465,2011-01-21,1,0,1,9,0,5,1,1,0.2,0.1818,0.51,0.3582,7,159,166
466,2011-01-21,1,0,1,10,0,5,1,1,0.2,0.1667,0.47,0.4627,6,57,63
467,2011-01-21,1,0,1,11,0,5,1,1,0.22,0.1818,0.41,0.4627,6,53,59
468,2011-01-21,1,0,1,12,0,5,1,1,0.22,0.1818,0.27,0.5821,11,67,78
469,2011-01-21,1,0,1,13,0,5,1,1,0.2,0.1515,0.21,0.5821,8,65,73
470,2011-01-21,1,0,1,14,0,5,1,1,0.2,0.1515,0.25,0.5224,6,56,62
471,2011-01-21,1,0,1,15,0,5,1,1,0.16,0.1212,0.26,0.4478,4,61,65
472,2011-01-21,1,0,1,16,0,5,1,1,0.16,0.1364,0.26,0.3582,0,97,97
473,2011-01-21,1,0,1,17,0,5,1,1,0.14,0.1212,0.28,0.3582,10,151,161
474,2011-01-21,1,0,1,18,0,5,1,1,0.12,0.1212,0.3,0.2537,1,119,120
475,2011-01-21,1,0,1,19,0,5,1,1,0.12,0.1061,0.3,0.3284,3,93,96
476,2011-01-21,1,0,1,20,0,5,1,1,0.1,0.0758,0.33,0.4179,1,52,53
477,2011-01-21,1,0,1,21,0,5,1,1,0.08,0.0758,0.38,0.2836,0,41,41
478,2011-01-21,1,0,1,22,0,5,1,1,0.06,0.0303,0.41,0.3881,1,33,34
479,2011-01-21,1,0,1,23,0,5,1,1,0.06,0.0455,0.38,0.3284,0,27,27
480,2011-01-22,1,0,1,0,0,6,0,1,0.04,0.0303,0.45,0.2537,0,13,13
481,2011-01-22,1,0,1,1,0,6,0,2,0.04,0,0.41,0.3881,3,9,12
482,2011-01-22,1,0,1,2,0,6,0,2,0.04,0.0303,0.41,0.2537,0,11,11
483,2011-01-22,1,0,1,3,0,6,0,2,0.04,0.0303,0.41,0.2836,1,6,7
484,2011-01-22,1,0,1,4,0,6,0,2,0.02,0.0152,0.48,0.2985,0,3,3
485,2011-01-22,1,0,1,6,0,6,0,2,0.02,0.0303,0.44,0.2239,0,2,2
486,2011-01-22,1,0,1,7,0,6,0,1,0.02,0.0152,0.44,0.2836,0,8,8
487,2011-01-22,1,0,1,8,0,6,0,1,0.02,0,0.44,0.3284,1,26,27
488,2011-01-22,1,0,1,9,0,6,0,1,0.04,0.0303,0.41,0.2537,3,37,40
489,2011-01-22,1,0,1,10,0,6,0,2,0.04,0.0606,0.41,0.1642,3,50,53
490,2011-01-22,1,0,1,11,0,6,0,2,0.06,0.0758,0.38,0.1343,4,59,63
491,2011-01-22,1,0,1,12,0,6,0,2,0.06,0.1061,0.38,0.1045,10,60,70
492,2011-01-22,1,0,1,13,0,6,0,1,0.08,0.1667,0.35,0,12,72,84
493,2011-01-22,1,0,1,14,0,6,0,1,0.1,0.1364,0.33,0.1045,11,64,75
494,2011-01-22,1,0,1,15,0,6,0,1,0.12,0.1515,0.28,0,10,93,103
495,2011-01-22,1,0,1,16,0,6,0,1,0.12,0.1364,0.28,0.194,11,72,83
496,2011-01-22,1,0,1,17,0,6,0,1,0.12,0.197,0.28,0,8,59,67
497,2011-01-22,1,0,1,18,0,6,0,1,0.08,0.0909,0.35,0.194,0,54,54
498,2011-01-22,1,0,1,19,0,6,0,1,0.08,0.1061,0.35,0.1343,6,53,59
499,2011-01-22,1,0,1,20,0,6,0,1,0.06,0.0758,0.45,0.1642,1,44,45
500,2011-01-22,1,0,1,21,0,6,0,1,0.06,0.1061,0.41,0.0896,0,39,39
501,2011-01-22,1,0,1,22,0,6,0,1,0.06,0.1515,0.49,0,7,23,30
502,2011-01-22,1,0,1,23,0,6,0,1,0.04,0.0758,0.57,0.1045,2,31,33
503,2011-01-23,1,0,1,0,0,0,0,1,0.04,0.0758,0.57,0.1045,2,20,22
504,2011-01-23,1,0,1,1,0,0,0,1,0.04,0.0758,0.57,0.1045,1,12,13
505,2011-01-23,1,0,1,2,0,0,0,1,0.02,0.0606,0.62,0.1343,3,15,18
506,2011-01-23,1,0,1,3,0,0,0,1,0.02,0.0606,0.62,0.1343,1,4,5
507,2011-01-23,1,0,1,5,0,0,0,2,0.04,0.0758,0.57,0.1045,0,3,3
508,2011-01-23,1,0,1,6,0,0,0,2,0.04,0.0758,0.57,0.1045,0,1,1
509,2011-01-23,1,0,1,7,0,0,0,1,0.08,0.1061,0.58,0.1642,1,1,2
510,2011-01-23,1,0,1,8,0,0,0,1,0.06,0.0758,0.62,0.1642,2,17,19
511,2011-01-23,1,0,1,9,0,0,0,1,0.1,0.0758,0.54,0.3582,3,25,28
512,2011-01-23,1,0,1,10,0,0,0,1,0.14,0.1061,0.46,0.3881,7,51,58
513,2011-01-23,1,0,1,11,0,0,0,1,0.14,0.1364,0.43,0.2239,22,77,99
514,2011-01-23,1,0,1,12,0,0,0,1,0.16,0.1212,0.37,0.4627,24,92,116
515,2011-01-23,1,0,1,13,0,0,0,1,0.14,0.1061,0.33,0.3881,12,75,87
516,2011-01-23,1,0,1,14,0,0,0,1,0.16,0.1364,0.28,0.3582,17,93,110
517,2011-01-23,1,0,1,15,0,0,0,1,0.16,0.1364,0.28,0.3582,13,64,77
518,2011-01-23,1,0,1,16,0,0,0,1,0.16,0.1364,0.26,0.3284,9,56,65
519,2011-01-23,1,0,1,17,0,0,0,1,0.14,0.1061,0.26,0.3881,5,50,55
520,2011-01-23,1,0,1,18,0,0,0,1,0.12,0.1212,0.3,0.2537,5,44,49
521,2011-01-23,1,0,1,19,0,0,0,1,0.12,0.1212,0.3,0.2836,5,45,50
522,2011-01-23,1,0,1,20,0,0,0,1,0.1,0.1061,0.36,0.2537,4,31,35
523,2011-01-23,1,0,1,21,0,0,0,1,0.1,0.1061,0.36,0.194,5,20,25
524,2011-01-23,1,0,1,22,0,0,0,1,0.08,0.0909,0.38,0.194,5,23,28
525,2011-01-23,1,0,1,23,0,0,0,1,0.06,0.0606,0.41,0.2239,4,17,21
526,2011-01-24,1,0,1,0,0,1,1,1,0.06,0.0606,0.41,0.194,0,7,7
527,2011-01-24,1,0,1,1,0,1,1,1,0.04,0.0455,0.45,0.194,0,1,1
528,2011-01-24,1,0,1,3,0,1,1,1,0.04,0.0303,0.45,0.2537,0,1,1
529,2011-01-24,1,0,1,4,0,1,1,1,0.02,0.0606,0.48,0.1343,0,1,1
530,2011-01-24,1,0,1,5,0,1,1,1,0.02,0.0606,0.48,0.1343,0,5,5
531,2011-01-24,1,0,1,6,0,1,1,1,0.02,0.0758,0.48,0.0896,0,15,15
532,2011-01-24,1,0,1,7,0,1,1,1,0.02,0.1212,0.48,0,5,79,84
533,2011-01-24,1,0,1,8,0,1,1,1,0.04,0.1364,0.49,0,6,171,177
534,2011-01-24,1,0,1,9,0,1,1,1,0.06,0.1515,0.41,0,4,98,102
535,2011-01-24,1,0,1,10,0,1,1,1,0.1,0.1364,0.42,0,6,34,40
536,2011-01-24,1,0,1,11,0,1,1,1,0.1,0.1212,0.46,0.1343,3,43,46
537,2011-01-24,1,0,1,12,0,1,1,2,0.12,0.1364,0.42,0.194,11,52,63
538,2011-01-24,1,0,1,13,0,1,1,2,0.14,0.1364,0.43,0.2239,6,54,60
539,2011-01-24,1,0,1,14,0,1,1,2,0.14,0.1364,0.46,0.2239,2,43,45
540,2011-01-24,1,0,1,15,0,1,1,1,0.16,0.1667,0.4,0.1642,7,50,57
541,2011-01-24,1,0,1,16,0,1,1,1,0.16,0.1515,0.47,0.2537,4,66,70
542,2011-01-24,1,0,1,17,0,1,1,1,0.14,0.1212,0.5,0.2537,6,178,184
543,2011-01-24,1,0,1,18,0,1,1,1,0.14,0.1364,0.59,0.194,8,145,153
544,2011-01-24,1,0,1,19,0,1,1,1,0.14,0.1515,0.54,0.1642,5,101,106
545,2011-01-24,1,0,1,20,0,1,1,1,0.14,0.1364,0.59,0.194,1,80,81
546,2011-01-24,1,0,1,21,0,1,1,1,0.14,0.1515,0.63,0.1642,6,53,59
547,2011-01-24,1,0,1,22,0,1,1,2,0.14,0.1364,0.63,0.2239,3,32,35
548,2011-01-24,1,0,1,23,0,1,1,2,0.16,0.1515,0.64,0.2537,3,21,24
549,2011-01-25,1,0,1,0,0,2,1,2,0.16,0.1364,0.69,0.2836,3,6,9
550,2011-01-25,1,0,1,1,0,2,1,2,0.16,0.1667,0.69,0.1642,0,5,5
551,2011-01-25,1,0,1,2,0,2,1,1,0.16,0.1515,0.69,0.2239,0,2,2
552,2011-01-25,1,0,1,4,0,2,1,1,0.14,0.1667,0.74,0.1045,0,1,1
553,2011-01-25,1,0,1,5,0,2,1,1,0.14,0.1364,0.74,0.2239,0,9,9
554,2011-01-25,1,0,1,6,0,2,1,1,0.16,0.1818,0.74,0.1045,1,35,36
555,2011-01-25,1,0,1,7,0,2,1,1,0.16,0.1515,0.74,0.2239,5,103,108
556,2011-01-25,1,0,1,8,0,2,1,2,0.16,0.1818,0.74,0.1343,5,233,238
557,2011-01-25,1,0,1,9,0,2,1,2,0.2,0.2273,0.64,0.0896,10,134,144
558,2011-01-25,1,0,1,10,0,2,1,2,0.22,0.2424,0.6,0.1045,6,49,55
559,2011-01-25,1,0,1,11,0,2,1,2,0.24,0.2424,0.6,0.1343,6,55,61
560,2011-01-25,1,0,1,12,0,2,1,2,0.26,0.2879,0.56,0.0896,21,85,106
561,2011-01-25,1,0,1,13,0,2,1,2,0.26,0.2727,0.56,0.1343,21,72,93
562,2011-01-25,1,0,1,14,0,2,1,2,0.3,0.3333,0.45,0,11,57,68
563,2011-01-25,1,0,1,15,0,2,1,2,0.32,0.3485,0.42,0,21,63,84
564,2011-01-25,1,0,1,16,0,2,1,2,0.32,0.3485,0.42,0,14,102,116
565,2011-01-25,1,0,1,17,0,2,1,1,0.3,0.3333,0.45,0,14,208,222
566,2011-01-25,1,0,1,18,0,2,1,2,0.3,0.3182,0.49,0.0896,7,218,225
567,2011-01-25,1,0,1,19,0,2,1,2,0.26,0.2576,0.65,0.1642,13,133,146
568,2011-01-25,1,0,1,20,0,2,1,1,0.24,0.2273,0.65,0.194,16,103,119
569,2011-01-25,1,0,1,21,0,2,1,1,0.24,0.2273,0.65,0.194,5,40,45
570,2011-01-25,1,0,1,22,0,2,1,1,0.22,0.2273,0.64,0.1642,4,49,53
571,2011-01-25,1,0,1,23,0,2,1,2,0.22,0.2273,0.64,0.1642,3,37,40
572,2011-01-26,1,0,1,0,0,3,1,2,0.22,0.2273,0.69,0.1343,3,14,17
573,2011-01-26,1,0,1,1,0,3,1,2,0.24,0.2424,0.65,0.1343,0,5,5
574,2011-01-26,1,0,1,2,0,3,1,3,0.22,0.2273,0.69,0.194,3,7,10
575,2011-01-26,1,0,1,5,0,3,1,3,0.2,0.1818,0.86,0.2836,0,1,1
576,2011-01-26,1,0,1,6,0,3,1,3,0.2,0.1818,0.86,0.2836,0,8,8
577,2011-01-26,1,0,1,7,0,3,1,3,0.22,0.2121,0.87,0.2985,1,29,30
578,2011-01-26,1,0,1,8,0,3,1,3,0.22,0.2121,0.87,0.2985,3,69,72
579,2011-01-26,1,0,1,9,0,3,1,3,0.22,0.2121,0.87,0.2985,3,55,58
580,2011-01-26,1,0,1,10,0,3,1,3,0.22,0.2121,0.93,0.2836,2,26,28
581,2011-01-26,1,0,1,11,0,3,1,3,0.22,0.197,0.93,0.3284,6,35,41
582,2011-01-26,1,0,1,12,0,3,1,3,0.22,0.197,0.93,0.3284,7,41,48
583,2011-01-26,1,0,1,13,0,3,1,3,0.22,0.197,0.93,0.3284,4,43,47
584,2011-01-26,1,0,1,14,0,3,1,3,0.22,0.197,0.93,0.3582,0,36,36
585,2011-01-26,1,0,1,15,0,3,1,3,0.22,0.1818,0.93,0.4627,1,42,43
586,2011-01-26,1,0,1,16,0,3,1,4,0.22,0.197,0.93,0.3284,1,35,36
587,2011-01-26,1,0,1,17,0,3,1,3,0.2,0.1818,0.93,0.3582,0,26,26
588,2011-01-27,1,0,1,16,0,4,1,1,0.22,0.2273,0.55,0.194,1,23,24
589,2011-01-27,1,0,1,17,0,4,1,1,0.22,0.2424,0.55,0.1045,2,82,84
590,2011-01-27,1,0,1,18,0,4,1,1,0.2,0.2273,0.69,0.0896,3,101,104
591,2011-01-27,1,0,1,19,0,4,1,1,0.2,0.2273,0.69,0.0896,3,76,79
592,2011-01-27,1,0,1,20,0,4,1,1,0.18,0.2121,0.74,0.0896,4,55,59
593,2011-01-27,1,0,1,21,0,4,1,1,0.18,0.2121,0.74,0.0896,2,36,38
594,2011-01-27,1,0,1,22,0,4,1,1,0.18,0.2121,0.74,0.0896,0,27,27
595,2011-01-27,1,0,1,23,0,4,1,1,0.18,0.197,0.8,0.1642,0,16,16
596,2011-01-28,1,0,1,0,0,5,1,2,0.2,0.2121,0.75,0.1343,0,9,9
597,2011-01-28,1,0,1,1,0,5,1,2,0.2,0.2121,0.75,0.1343,1,2,3
598,2011-01-28,1,0,1,2,0,5,1,2,0.2,0.2121,0.75,0.1642,0,2,2
599,2011-01-28,1,0,1,3,0,5,1,2,0.2,0.2273,0.75,0.1045,1,0,1
600,2011-01-28,1,0,1,5,0,5,1,2,0.18,0.2121,0.8,0.1045,0,4,4
601,2011-01-28,1,0,1,6,0,5,1,2,0.18,0.197,0.8,0.1343,0,16,16
602,2011-01-28,1,0,1,7,0,5,1,2,0.16,0.197,0.86,0.0896,2,58,60
603,2011-01-28,1,0,1,8,0,5,1,2,0.16,0.197,0.86,0.0896,2,155,157
604,2011-01-28,1,0,1,9,0,5,1,3,0.18,0.2121,0.86,0.0896,6,95,101
605,2011-01-28,1,0,1,10,0,5,1,3,0.18,0.2121,0.86,0.1045,0,49,49
606,2011-01-28,1,0,1,11,0,5,1,3,0.18,0.2121,0.93,0.1045,0,30,30
607,2011-01-28,1,0,1,12,0,5,1,3,0.18,0.2121,0.93,0.1045,1,28,29
608,2011-01-28,1,0,1,13,0,5,1,3,0.18,0.2121,0.93,0.1045,0,31,31
609,2011-01-28,1,0,1,14,0,5,1,3,0.22,0.2727,0.8,0,2,36,38
610,2011-01-28,1,0,1,15,0,5,1,2,0.2,0.2576,0.86,0,1,40,41
611,2011-01-28,1,0,1,16,0,5,1,1,0.22,0.2727,0.8,0,10,70,80
612,2011-01-28,1,0,1,17,0,5,1,1,0.24,0.2424,0.75,0.1343,2,147,149
613,2011-01-28,1,0,1,18,0,5,1,1,0.24,0.2273,0.75,0.194,2,107,109
614,2011-01-28,1,0,1,19,0,5,1,2,0.24,0.2424,0.75,0.1343,5,84,89
615,2011-01-28,1,0,1,20,0,5,1,2,0.24,0.2273,0.7,0.194,1,61,62
616,2011-01-28,1,0,1,21,0,5,1,2,0.22,0.2273,0.75,0.1343,1,57,58
617,2011-01-28,1,0,1,22,0,5,1,1,0.24,0.2121,0.65,0.3582,0,26,26
618,2011-01-28,1,0,1,23,0,5,1,1,0.24,0.2273,0.6,0.2239,1,22,23
619,2011-01-29,1,0,1,0,0,6,0,1,0.22,0.197,0.64,0.3582,2,26,28
620,2011-01-29,1,0,1,1,0,6,0,1,0.22,0.2273,0.64,0.194,0,20,20
621,2011-01-29,1,0,1,2,0,6,0,1,0.22,0.2273,0.64,0.1642,0,15,15
622,2011-01-29,1,0,1,3,0,6,0,1,0.2,0.2121,0.64,0.1343,3,5,8
623,2011-01-29,1,0,1,4,0,6,0,1,0.16,0.1818,0.69,0.1045,1,2,3
624,2011-01-29,1,0,1,6,0,6,0,1,0.16,0.1818,0.64,0.1343,0,2,2
625,2011-01-29,1,0,1,7,0,6,0,1,0.16,0.1818,0.59,0.1045,1,4,5
626,2011-01-29,1,0,1,8,0,6,0,1,0.18,0.197,0.55,0.1642,3,31,34
627,2011-01-29,1,0,1,9,0,6,0,1,0.18,0.2121,0.59,0.0896,0,34,34
628,2011-01-29,1,0,1,10,0,6,0,2,0.18,0.2121,0.64,0.1045,4,51,55
629,2011-01-29,1,0,1,11,0,6,0,2,0.18,0.197,0.64,0.1343,4,60,64
630,2011-01-29,1,0,1,12,0,6,0,2,0.2,0.197,0.59,0.194,12,66,78
631,2011-01-29,1,0,1,13,0,6,0,2,0.22,0.2273,0.55,0.1642,9,56,65
632,2011-01-29,1,0,1,14,0,6,0,2,0.22,0.2273,0.6,0.1343,10,89,99
633,2011-01-29,1,0,1,15,0,6,0,1,0.22,0.2121,0.69,0.2537,22,98,120
634,2011-01-29,1,0,1,16,0,6,0,1,0.24,0.2424,0.6,0.1642,19,88,107
635,2011-01-29,1,0,1,17,0,6,0,1,0.24,0.2879,0.6,0,9,82,91
636,2011-01-29,1,0,1,18,0,6,0,1,0.22,0.2273,0.69,0.1343,9,59,68
637,2011-01-29,1,0,1,19,0,6,0,2,0.22,0.2121,0.69,0.2537,6,52,58
638,2011-01-29,1,0,1,20,0,6,0,1,0.18,0.2121,0.74,0.0896,1,42,43
639,2011-01-29,1,0,1,21,0,6,0,1,0.18,0.2121,0.74,0.0896,1,35,36
640,2011-01-29,1,0,1,22,0,6,0,1,0.16,0.197,0.8,0.0896,4,28,32
641,2011-01-29,1,0,1,23,0,6,0,1,0.16,0.197,0.8,0.0896,3,30,33
642,2011-01-30,1,0,1,0,0,0,0,1,0.16,0.1818,0.8,0.1045,0,33,33
643,2011-01-30,1,0,1,1,0,0,0,1,0.14,0.2121,0.8,0,7,22,29
644,2011-01-30,1,0,1,2,0,0,0,1,0.16,0.2273,0.8,0,1,10,11
645,2011-01-30,1,0,1,3,0,0,0,1,0.14,0.2121,0.93,0,1,7,8
646,2011-01-30,1,0,1,4,0,0,0,1,0.14,0.2121,0.93,0,0,1,1
647,2011-01-30,1,0,1,5,0,0,0,1,0.14,0.2121,0.86,0,0,3,3
648,2011-01-30,1,0,1,7,0,0,0,1,0.14,0.2121,0.86,0,0,3,3
649,2011-01-30,1,0,1,8,0,0,0,2,0.14,0.2121,0.86,0,1,11,12
650,2011-01-30,1,0,1,9,0,0,0,2,0.16,0.2273,0.8,0,4,34,38
651,2011-01-30,1,0,1,10,0,0,0,2,0.18,0.2424,0.8,0,7,57,64
652,2011-01-30,1,0,1,11,0,0,0,1,0.22,0.2727,0.75,0,9,50,59
653,2011-01-30,1,0,1,12,0,0,0,1,0.3,0.3182,0.52,0.1045,10,87,97
654,2011-01-30,1,0,1,13,0,0,0,1,0.28,0.2879,0.61,0.1045,13,71,84
655,2011-01-30,1,0,1,14,0,0,0,1,0.28,0.303,0.61,0.0896,18,104,122
656,2011-01-30,1,0,1,15,0,0,0,1,0.3,0.3333,0.56,0,14,95,109
657,2011-01-30,1,0,1,16,0,0,0,1,0.3,0.3333,0.56,0,19,104,123
658,2011-01-30,1,0,1,17,0,0,0,1,0.3,0.2879,0.56,0.194,6,71,77
659,2011-01-30,1,0,1,18,0,0,0,1,0.26,0.2576,0.65,0.1642,8,57,65
660,2011-01-30,1,0,1,19,0,0,0,1,0.26,0.2576,0.65,0.194,9,46,55
661,2011-01-30,1,0,1,20,0,0,0,2,0.26,0.2727,0.65,0.1045,3,30,33
662,2011-01-30,1,0,1,21,0,0,0,2,0.24,0.2424,0.7,0.1642,3,25,28
663,2011-01-30,1,0,1,22,0,0,0,2,0.24,0.2273,0.7,0.194,2,19,21
664,2011-01-30,1,0,1,23,0,0,0,2,0.24,0.2121,0.65,0.2836,5,16,21
665,2011-01-31,1,0,1,0,0,1,1,2,0.24,0.2273,0.65,0.2239,1,6,7
666,2011-01-31,1,0,1,1,0,1,1,1,0.22,0.2121,0.64,0.2537,2,5,7
667,2011-01-31,1,0,1,2,0,1,1,1,0.22,0.2273,0.64,0.194,0,1,1
668,2011-01-31,1,0,1,3,0,1,1,1,0.22,0.2273,0.64,0.194,0,2,2
669,2011-01-31,1,0,1,4,0,1,1,1,0.2,0.197,0.59,0.2239,0,2,2
670,2011-01-31,1,0,1,5,0,1,1,1,0.18,0.1667,0.64,0.2836,0,8,8
671,2011-01-31,1,0,1,6,0,1,1,1,0.16,0.1364,0.69,0.3284,0,37,37
672,2011-01-31,1,0,1,7,0,1,1,2,0.16,0.1364,0.64,0.2836,1,71,72
673,2011-01-31,1,0,1,8,0,1,1,2,0.16,0.1364,0.59,0.2836,3,182,185
674,2011-01-31,1,0,1,9,0,1,1,2,0.16,0.1364,0.59,0.2985,0,112,112
675,2011-01-31,1,0,1,10,0,1,1,2,0.16,0.1515,0.59,0.194,1,68,69
676,2011-01-31,1,0,1,11,0,1,1,2,0.16,0.1515,0.59,0.194,2,46,48
677,2011-01-31,1,0,1,12,0,1,1,2,0.18,0.2121,0.55,0.1045,6,62,68
678,2011-01-31,1,0,1,13,0,1,1,2,0.16,0.2273,0.59,0,2,52,54
679,2011-01-31,1,0,1,14,0,1,1,2,0.18,0.197,0.55,0.1343,1,85,86
680,2011-01-31,1,0,1,15,0,1,1,2,0.16,0.1818,0.59,0.1343,3,41,44
681,2011-01-31,1,0,1,16,0,1,1,2,0.16,0.1818,0.56,0.194,3,83,86
682,2011-01-31,1,0,1,17,0,1,1,2,0.16,0.1515,0.59,0.194,6,155,161
683,2011-01-31,1,0,1,18,0,1,1,2,0.16,0.1515,0.55,0.2239,3,153,156
684,2011-01-31,1,0,1,19,0,1,1,1,0.3,0.3182,0.61,0.1045,3,108,111
685,2011-01-31,1,0,1,20,0,1,1,3,0.16,0.1667,0.59,0.1642,0,78,78
686,2011-01-31,1,0,1,21,0,1,1,3,0.16,0.197,0.59,0.0896,3,53,56
687,2011-01-31,1,0,1,22,0,1,1,2,0.16,0.1818,0.59,0.1045,0,34,34
688,2011-01-31,1,0,1,23,0,1,1,2,0.16,0.197,0.64,0.0896,2,15,17
689,2011-02-01,1,0,2,0,0,2,1,2,0.16,0.1818,0.64,0.1045,2,6,8
690,2011-02-01,1,0,2,1,0,2,1,2,0.16,0.1818,0.69,0.1045,0,3,3
691,2011-02-01,1,0,2,2,0,2,1,2,0.16,0.2273,0.69,0,0,2,2
692,2011-02-01,1,0,2,3,0,2,1,2,0.16,0.2273,0.69,0,0,2,2
693,2011-02-01,1,0,2,5,0,2,1,3,0.14,0.2121,0.93,0,0,3,3
694,2011-02-01,1,0,2,6,0,2,1,3,0.14,0.2121,0.93,0,0,22,22
695,2011-02-01,1,0,2,7,0,2,1,3,0.16,0.2273,0.93,0,0,52,52
696,2011-02-01,1,0,2,8,0,2,1,3,0.16,0.2273,0.93,0,3,132,135
697,2011-02-01,1,0,2,9,0,2,1,2,0.16,0.2273,0.93,0,2,114,116
698,2011-02-01,1,0,2,10,0,2,1,2,0.16,0.2273,0.93,0,0,47,47
699,2011-02-01,1,0,2,11,0,2,1,2,0.18,0.2424,0.86,0,2,49,51
700,2011-02-01,1,0,2,12,0,2,1,2,0.2,0.2576,0.86,0,2,53,55
701,2011-02-01,1,0,2,13,0,2,1,2,0.2,0.2576,0.86,0,3,49,52
702,2011-02-01,1,0,2,14,0,2,1,2,0.22,0.2576,0.8,0.0896,5,49,54
703,2011-02-01,1,0,2,15,0,2,1,2,0.24,0.2879,0.75,0,7,45,52
704,2011-02-01,1,0,2,16,0,2,1,2,0.24,0.2424,0.75,0.1343,3,61,64
705,2011-02-01,1,0,2,17,0,2,1,2,0.24,0.2879,0.75,0,4,172,176
706,2011-02-01,1,0,2,18,0,2,1,2,0.24,0.2576,0.81,0.1045,3,165,168
707,2011-02-01,1,0,2,19,0,2,1,2,0.24,0.2424,0.81,0.1343,3,105,108
708,2011-02-01,1,0,2,20,0,2,1,2,0.22,0.2273,0.87,0.1343,5,69,74
709,2011-02-01,1,0,2,21,0,2,1,2,0.22,0.2273,0.87,0.1343,0,64,64
710,2011-02-01,1,0,2,22,0,2,1,2,0.22,0.2576,0.87,0.0896,2,34,36
711,2011-02-01,1,0,2,23,0,2,1,3,0.2,0.197,0.93,0.194,1,15,16
712,2011-02-02,1,0,2,0,0,3,1,3,0.22,0.2424,0.93,0.1045,0,2,2
713,2011-02-02,1,0,2,1,0,3,1,3,0.22,0.2273,0.93,0.194,0,3,3
714,2011-02-02,1,0,2,2,0,3,1,3,0.22,0.2273,0.93,0.1343,4,0,4
715,2011-02-02,1,0,2,3,0,3,1,3,0.22,0.2273,0.93,0.1343,0,1,1
716,2011-02-02,1,0,2,4,0,3,1,3,0.22,0.2121,0.93,0.2836,0,1,1
717,2011-02-02,1,0,2,5,0,3,1,3,0.22,0.2424,0.93,0.1045,0,3,3
718,2011-02-02,1,0,2,6,0,3,1,3,0.22,0.2424,0.93,0.1045,1,17,18
719,2011-02-02,1,0,2,7,0,3,1,3,0.22,0.2121,0.93,0.2239,1,48,49
720,2011-02-02,1,0,2,8,0,3,1,3,0.22,0.2121,0.93,0.2239,1,154,155
721,2011-02-02,1,0,2,9,0,3,1,2,0.24,0.2576,0.93,0.0896,4,119,123
722,2011-02-02,1,0,2,10,0,3,1,2,0.22,0.2727,1,0,2,59,61
723,2011-02-02,1,0,2,11,0,3,1,2,0.24,0.2273,0.93,0.194,5,47,52
724,2011-02-02,1,0,2,12,0,3,1,2,0.24,0.2273,0.93,0.2239,3,61,64
725,2011-02-02,1,0,2,13,0,3,1,1,0.34,0.3333,0.93,0.1642,1,74,75
726,2011-02-02,1,0,2,14,0,3,1,1,0.38,0.3939,0.82,0.3881,2,61,63
727,2011-02-02,1,0,2,15,0,3,1,1,0.38,0.3939,0.76,0.3284,10,66,76
728,2011-02-02,1,0,2,16,0,3,1,1,0.36,0.3333,0.71,0.2985,8,95,103
729,2011-02-02,1,0,2,17,0,3,1,1,0.36,0.3182,0.53,0.5224,7,183,190
730,2011-02-02,1,0,2,18,0,3,1,1,0.34,0.2879,0.42,0.5522,7,175,182
731,2011-02-02,1,0,2,19,0,3,1,1,0.28,0.2424,0.45,0.4925,3,88,91
732,2011-02-02,1,0,2,20,0,3,1,1,0.24,0.197,0.48,0.5522,4,71,75
733,2011-02-02,1,0,2,21,0,3,1,1,0.22,0.197,0.47,0.3284,1,62,63
734,2011-02-02,1,0,2,22,0,3,1,1,0.22,0.2121,0.44,0.2537,5,35,40
735,2011-02-02,1,0,2,23,0,3,1,1,0.2,0.1667,0.44,0.4478,3,29,32
736,2011-02-03,1,0,2,0,0,4,1,1,0.2,0.1667,0.4,0.4478,1,11,12
737,2011-02-03,1,0,2,1,0,4,1,1,0.2,0.1515,0.44,0.5224,0,5,5
738,2011-02-03,1,0,2,2,0,4,1,1,0.18,0.1667,0.43,0.2537,0,2,2
739,2011-02-03,1,0,2,3,0,4,1,1,0.18,0.1667,0.43,0.2537,0,1,1
740,2011-02-03,1,0,2,5,0,4,1,1,0.16,0.1364,0.5,0.2985,0,2,2
741,2011-02-03,1,0,2,6,0,4,1,1,0.16,0.1364,0.43,0.3582,0,39,39
742,2011-02-03,1,0,2,7,0,4,1,1,0.14,0.1212,0.5,0.3284,1,86,87
743,2011-02-03,1,0,2,8,0,4,1,1,0.14,0.1212,0.5,0.3582,4,184,188
744,2011-02-03,1,0,2,9,0,4,1,1,0.16,0.1364,0.47,0.2985,6,127,133
745,2011-02-03,1,0,2,10,0,4,1,1,0.18,0.1515,0.43,0.3284,2,50,52
746,2011-02-03,1,0,2,11,0,4,1,1,0.18,0.1364,0.43,0.4478,9,55,64
747,2011-02-03,1,0,2,12,0,4,1,1,0.2,0.1818,0.4,0.3582,2,67,69
748,2011-02-03,1,0,2,13,0,4,1,1,0.2,0.1667,0.4,0.4179,4,47,51
749,2011-02-03,1,0,2,14,0,4,1,1,0.22,0.197,0.37,0.3881,4,43,47
750,2011-02-03,1,0,2,15,0,4,1,1,0.22,0.197,0.37,0.3284,4,56,60
751,2011-02-03,1,0,2,16,0,4,1,1,0.22,0.2121,0.37,0.2537,5,73,78
752,2011-02-03,1,0,2,17,0,4,1,1,0.2,0.197,0.4,0.194,5,170,175
753,2011-02-03,1,0,2,18,0,4,1,1,0.2,0.2121,0.4,0.1642,2,145,147
754,2011-02-03,1,0,2,19,0,4,1,1,0.2,0.2576,0.4,0,4,92,96
755,2011-02-03,1,0,2,20,0,4,1,1,0.2,0.2273,0.47,0.0896,1,108,109
756,2011-02-03,1,0,2,21,0,4,1,1,0.18,0.2121,0.55,0.1045,1,53,54
757,2011-02-03,1,0,2,22,0,4,1,1,0.18,0.2121,0.51,0.0896,2,39,41
758,2011-02-03,1,0,2,23,0,4,1,1,0.2,0.2273,0.47,0.1045,4,34,38
759,2011-02-04,1,0,2,0,0,5,1,2,0.2,0.2576,0.44,0,3,10,13
760,2011-02-04,1,0,2,1,0,5,1,2,0.16,0.2273,0.59,0,0,7,7
761,2011-02-04,1,0,2,2,0,5,1,2,0.14,0.1667,0.63,0.1045,0,1,1
762,2011-02-04,1,0,2,3,0,5,1,2,0.14,0.1667,0.63,0.1045,0,1,1
763,2011-02-04,1,0,2,5,0,5,1,2,0.14,0.1515,0.63,0.1343,0,7,7
764,2011-02-04,1,0,2,6,0,5,1,2,0.16,0.2273,0.55,0,2,26,28
765,2011-02-04,1,0,2,7,0,5,1,1,0.14,0.2121,0.59,0,0,87,87
766,2011-02-04,1,0,2,8,0,5,1,1,0.14,0.1515,0.74,0.1343,3,217,220
767,2011-02-04,1,0,2,9,0,5,1,2,0.16,0.1818,0.8,0.1343,3,124,127
768,2011-02-04,1,0,2,10,0,5,1,2,0.2,0.2121,0.51,0.1343,5,46,51
769,2011-02-04,1,0,2,11,0,5,1,1,0.22,0.2273,0.51,0.1642,3,61,64
770,2011-02-04,1,0,2,12,0,5,1,2,0.24,0.2424,0.48,0.1642,8,78,86
771,2011-02-04,1,0,2,13,0,5,1,2,0.26,0.2576,0.5,0.2239,9,73,82
772,2011-02-04,1,0,2,14,0,5,1,2,0.28,0.2727,0.45,0.1642,15,76,91
773,2011-02-04,1,0,2,15,0,5,1,2,0.28,0.2727,0.48,0.2537,9,81,90
774,2011-02-04,1,0,2,16,0,5,1,2,0.3,0.2879,0.42,0.2239,8,91,99
775,2011-02-04,1,0,2,17,0,5,1,2,0.26,0.2727,0.56,0.1343,10,195,205
776,2011-02-04,1,0,2,18,0,5,1,2,0.24,0.2576,0.6,0.1045,3,152,155
777,2011-02-04,1,0,2,19,0,5,1,2,0.24,0.2424,0.65,0.1343,1,102,103
778,2011-02-04,1,0,2,20,0,5,1,2,0.24,0.2424,0.65,0.1642,2,69,71
779,2011-02-04,1,0,2,21,0,5,1,2,0.24,0.2424,0.7,0.1642,2,41,43
780,2011-02-04,1,0,2,22,0,5,1,2,0.24,0.2424,0.65,0.1642,1,45,46
781,2011-02-04,1,0,2,23,0,5,1,2,0.24,0.2424,0.7,0.1343,1,30,31
782,2011-02-05,1,0,2,0,0,6,0,2,0.24,0.2424,0.7,0.1642,3,36,39
783,2011-02-05,1,0,2,1,0,6,0,2,0.24,0.2424,0.65,0.1642,1,17,18
784,2011-02-05,1,0,2,2,0,6,0,2,0.24,0.2424,0.75,0.1642,5,12,17
785,2011-02-05,1,0,2,3,0,6,0,2,0.24,0.2424,0.75,0.1642,1,10,11
786,2011-02-05,1,0,2,4,0,6,0,3,0.22,0.2273,0.93,0.1343,0,8,8
787,2011-02-05,1,0,2,5,0,6,0,3,0.2,0.2273,1,0.0896,0,9,9
788,2011-02-05,1,0,2,6,0,6,0,3,0.2,0.2576,1,0,0,4,4
789,2011-02-05,1,0,2,7,0,6,0,3,0.22,0.2576,0.93,0.0896,0,4,4
790,2011-02-05,1,0,2,8,0,6,0,3,0.2,0.2273,1,0.0896,0,10,10
791,2011-02-05,1,0,2,9,0,6,0,3,0.2,0.2273,1,0.0896,3,17,20
792,2011-02-05,1,0,2,10,0,6,0,3,0.2,0.2121,1,0.1343,3,31,34
793,2011-02-05,1,0,2,11,0,6,0,3,0.22,0.2273,1,0.1343,1,46,47
794,2011-02-05,1,0,2,12,0,6,0,3,0.22,0.2273,1,0.1642,10,42,52
795,2011-02-05,1,0,2,13,0,6,0,3,0.22,0.2273,1,0.1642,10,62,72
796,2011-02-05,1,0,2,14,0,6,0,3,0.22,0.2727,1,0,5,50,55
797,2011-02-05,1,0,2,15,0,6,0,3,0.22,0.2727,1,0,11,49,60
798,2011-02-05,1,0,2,16,0,6,0,3,0.22,0.2273,1,0.1343,8,63,71
799,2011-02-05,1,0,2,17,0,6,0,2,0.24,0.2121,1,0.2836,14,64,78
800,2011-02-05,1,0,2,18,0,6,0,2,0.28,0.2424,0.93,0.4478,2,81,83
801,2011-02-05,1,0,2,19,0,6,0,2,0.28,0.2424,0.93,0.4478,6,78,84
802,2011-02-05,1,0,2,20,0,6,0,1,0.3,0.2879,0.87,0.2537,5,64,69
803,2011-02-05,1,0,2,21,0,6,0,1,0.26,0.2576,1,0.194,3,53,56
804,2011-02-05,1,0,2,22,0,6,0,1,0.26,0.2727,0.93,0.1343,2,43,45
805,2011-02-05,1,0,2,23,0,6,0,1,0.26,0.2576,0.93,0.2239,7,52,59
806,2011-02-06,1,0,2,0,0,0,0,1,0.26,0.2576,0.7,0.194,2,37,39
807,2011-02-06,1,0,2,1,0,0,0,1,0.26,0.2273,0.65,0.4179,4,40,44
808,2011-02-06,1,0,2,2,0,0,0,1,0.26,0.2273,0.6,0.3284,0,20,20
809,2011-02-06,1,0,2,3,0,0,0,1,0.26,0.2879,0.6,0.0896,3,10,13
810,2011-02-06,1,0,2,4,0,0,0,1,0.26,0.2273,0.6,0.3582,0,2,2
811,2011-02-06,1,0,2,5,0,0,0,1,0.26,0.2576,0.6,0.2239,0,1,1
812,2011-02-06,1,0,2,6,0,0,0,1,0.26,0.2576,0.6,0.2239,0,1,1
813,2011-02-06,1,0,2,7,0,0,0,1,0.24,0.2424,0.65,0.1642,0,8,8
814,2011-02-06,1,0,2,8,0,0,0,1,0.24,0.2576,0.65,0.1045,2,21,23
815,2011-02-06,1,0,2,9,0,0,0,1,0.28,0.2879,0.56,0.1045,7,38,45
816,2011-02-06,1,0,2,10,0,0,0,1,0.3,0.2879,0.52,0.2537,15,74,89
817,2011-02-06,1,0,2,11,0,0,0,1,0.32,0.303,0.49,0.2537,28,89,117
818,2011-02-06,1,0,2,12,0,0,0,1,0.34,0.3333,0.46,0,48,126,174
819,2011-02-06,1,0,2,13,0,0,0,1,0.34,0.3636,0.46,0,47,135,182
820,2011-02-06,1,0,2,14,0,0,0,1,0.34,0.3485,0.46,0.0896,47,114,161
821,2011-02-06,1,0,2,15,0,0,0,1,0.34,0.3485,0.46,0.0896,52,130,182
822,2011-02-06,1,0,2,16,0,0,0,1,0.34,0.3485,0.49,0.1045,42,115,157
823,2011-02-06,1,0,2,17,0,0,0,1,0.34,0.3636,0.46,0,24,97,121
824,2011-02-06,1,0,2,18,0,0,0,1,0.3,0.303,0.56,0.1642,13,65,78
825,2011-02-06,1,0,2,19,0,0,0,1,0.28,0.2879,0.61,0.1343,1,20,21
826,2011-02-06,1,0,2,20,0,0,0,1,0.28,0.2879,0.61,0.1045,5,21,26
827,2011-02-06,1,0,2,21,0,0,0,1,0.26,0.303,0.6,0,5,22,27
828,2011-02-06,1,0,2,22,0,0,0,1,0.26,0.303,0.6,0,5,57,62
829,2011-02-06,1,0,2,23,0,0,0,1,0.24,0.2879,0.65,0,4,26,30
830,2011-02-07,1,0,2,0,0,1,1,1,0.24,0.2879,0.65,0,1,14,15
831,2011-02-07,1,0,2,1,0,1,1,1,0.22,0.2727,0.75,0,1,4,5
832,2011-02-07,1,0,2,2,0,1,1,1,0.2,0.2576,0.8,0,0,3,3
833,2011-02-07,1,0,2,3,0,1,1,1,0.2,0.2576,0.86,0,0,1,1
834,2011-02-07,1,0,2,4,0,1,1,1,0.2,0.2576,0.86,0,1,1,2
835,2011-02-07,1,0,2,5,0,1,1,1,0.2,0.2576,0.86,0,1,9,10
836,2011-02-07,1,0,2,6,0,1,1,1,0.18,0.2424,0.93,0,1,29,30
837,2011-02-07,1,0,2,7,0,1,1,1,0.18,0.2424,0.86,0,6,89,95
838,2011-02-07,1,0,2,8,0,1,1,2,0.16,0.2273,1,0,7,223,230
839,2011-02-07,1,0,2,9,0,1,1,1,0.22,0.2727,0.8,0,3,115,118
840,2011-02-07,1,0,2,10,0,1,1,1,0.24,0.2576,0.75,0.1045,6,49,55
841,2011-02-07,1,0,2,11,0,1,1,1,0.3,0.3182,0.65,0.0896,11,36,47
842,2011-02-07,1,0,2,12,0,1,1,2,0.32,0.3485,0.62,0,7,59,66
843,2011-02-07,1,0,2,13,0,1,1,2,0.36,0.3636,0.57,0.0896,10,54,64
844,2011-02-07,1,0,2,14,0,1,1,2,0.36,0.3636,0.57,0.0896,8,52,60
845,2011-02-07,1,0,2,15,0,1,1,2,0.38,0.3939,0.54,0.0896,4,46,50
846,2011-02-07,1,0,2,16,0,1,1,2,0.36,0.3485,0.57,0.1343,16,98,114
847,2011-02-07,1,0,2,17,0,1,1,2,0.32,0.3182,0.7,0.1642,9,207,216
848,2011-02-07,1,0,2,18,0,1,1,2,0.34,0.3333,0.66,0.1343,5,170,175
849,2011-02-07,1,0,2,19,0,1,1,2,0.32,0.3485,0.7,0,5,123,128
850,2011-02-07,1,0,2,20,0,1,1,2,0.32,0.3333,0.7,0.1045,6,82,88
851,2011-02-07,1,0,2,21,0,1,1,1,0.32,0.3485,0.7,0,3,75,78
852,2011-02-07,1,0,2,22,0,1,1,1,0.28,0.303,0.81,0.0896,3,34,37
853,2011-02-07,1,0,2,23,0,1,1,2,0.3,0.3333,0.81,0,6,19,25
854,2011-02-08,1,0,2,0,0,2,1,2,0.28,0.3182,0.87,0,4,6,10
855,2011-02-08,1,0,2,1,0,2,1,2,0.28,0.3182,0.87,0,0,4,4
856,2011-02-08,1,0,2,2,0,2,1,2,0.26,0.2727,0.93,0.1045,1,1,2
857,2011-02-08,1,0,2,3,0,2,1,3,0.28,0.2727,0.93,0.1642,0,1,1
858,2011-02-08,1,0,2,4,0,2,1,1,0.26,0.2576,0.93,0.1642,0,3,3
859,2011-02-08,1,0,2,5,0,2,1,1,0.26,0.2273,0.81,0.3284,0,2,2
860,2011-02-08,1,0,2,6,0,2,1,1,0.26,0.2273,0.7,0.3284,0,39,39
861,2011-02-08,1,0,2,7,0,2,1,1,0.24,0.197,0.65,0.4179,3,97,100
862,2011-02-08,1,0,2,8,0,2,1,1,0.24,0.197,0.56,0.4925,7,236,243
863,2011-02-08,1,0,2,9,0,2,1,1,0.24,0.197,0.52,0.4925,7,128,135
864,2011-02-08,1,0,2,10,0,2,1,1,0.22,0.1818,0.47,0.5522,4,44,48
865,2011-02-08,1,0,2,11,0,2,1,1,0.22,0.1818,0.47,0.4627,1,49,50
866,2011-02-08,1,0,2,12,0,2,1,1,0.24,0.197,0.38,0.4925,2,63,65
867,2011-02-08,1,0,2,13,0,2,1,2,0.24,0.197,0.32,0.4478,2,48,50
868,2011-02-08,1,0,2,14,0,2,1,1,0.22,0.197,0.37,0.4179,3,61,64
869,2011-02-08,1,0,2,15,0,2,1,1,0.22,0.197,0.35,0.3881,6,45,51
870,2011-02-08,1,0,2,16,0,2,1,1,0.22,0.1818,0.35,0.5224,4,79,83
871,2011-02-08,1,0,2,17,0,2,1,1,0.22,0.1818,0.32,0.5821,4,172,176
872,2011-02-08,1,0,2,18,0,2,1,1,0.2,0.1818,0.32,0.3881,1,151,152
873,2011-02-08,1,0,2,19,0,2,1,1,0.16,0.1212,0.4,0.4627,1,100,101
874,2011-02-08,1,0,2,20,0,2,1,1,0.16,0.1364,0.4,0.3284,3,53,56
875,2011-02-08,1,0,2,21,0,2,1,1,0.14,0.1061,0.33,0.4627,8,46,54
876,2011-02-08,1,0,2,22,0,2,1,1,0.12,0.1061,0.33,0.3582,0,29,29
877,2011-02-08,1,0,2,23,0,2,1,1,0.12,0.1061,0.33,0.3284,3,9,12
878,2011-02-09,1,0,2,0,0,3,1,1,0.1,0.0758,0.36,0.3582,0,17,17
879,2011-02-09,1,0,2,1,0,3,1,1,0.1,0.1061,0.36,0.2239,0,7,7
880,2011-02-09,1,0,2,2,0,3,1,1,0.08,0.0758,0.38,0.2836,1,2,3
881,2011-02-09,1,0,2,3,0,3,1,1,0.06,0.0758,0.45,0.1343,0,2,2
882,2011-02-09,1,0,2,5,0,3,1,1,0.06,0.1061,0.45,0.1045,0,7,7
883,2011-02-09,1,0,2,6,0,3,1,1,0.06,0.1515,0.45,0,0,43,43
884,2011-02-09,1,0,2,7,0,3,1,1,0.06,0.1061,0.49,0.1045,4,95,99
885,2011-02-09,1,0,2,8,0,3,1,1,0.1,0.1364,0.42,0,1,198,199
886,2011-02-09,1,0,2,9,0,3,1,1,0.12,0.1364,0.39,0.1642,4,119,123
887,2011-02-09,1,0,2,10,0,3,1,1,0.14,0.1818,0.36,0,8,51,59
888,2011-02-09,1,0,2,11,0,3,1,2,0.14,0.1515,0.43,0.1642,1,40,41
889,2011-02-09,1,0,2,12,0,3,1,2,0.18,0.1818,0.4,0.2239,4,57,61
890,2011-02-09,1,0,2,13,0,3,1,1,0.18,0.1667,0.4,0.2537,2,67,69
891,2011-02-09,1,0,2,14,0,3,1,1,0.2,0.1818,0.34,0.2985,2,56,58
892,2011-02-09,1,0,2,15,0,3,1,2,0.2,0.1818,0.34,0.2836,3,61,64
893,2011-02-09,1,0,2,16,0,3,1,2,0.2,0.197,0.37,0.2537,7,72,79
894,2011-02-09,1,0,2,17,0,3,1,2,0.2,0.197,0.34,0.2537,9,157,166
895,2011-02-09,1,0,2,18,0,3,1,2,0.18,0.1667,0.47,0.2985,2,168,170
896,2011-02-09,1,0,2,19,0,3,1,3,0.14,0.1212,0.86,0.2537,1,87,88
897,2011-02-09,1,0,2,20,0,3,1,3,0.14,0.1515,0.86,0.1642,0,84,84
898,2011-02-09,1,0,2,21,0,3,1,2,0.14,0.1515,0.86,0.1642,0,83,83
899,2011-02-09,1,0,2,22,0,3,1,3,0.16,0.1667,0.8,0.1642,4,42,46
900,2011-02-09,1,0,2,23,0,3,1,3,0.16,0.1515,0.8,0.194,0,37,37
901,2011-02-10,1,0,2,0,0,4,1,3,0.14,0.1364,0.86,0.194,0,16,16
902,2011-02-10,1,0,2,1,0,4,1,3,0.14,0.1515,0.8,0.1343,0,7,7
903,2011-02-10,1,0,2,2,0,4,1,3,0.14,0.1515,0.8,0.1343,0,3,3
904,2011-02-10,1,0,2,4,0,4,1,2,0.14,0.1364,0.59,0.2239,0,1,1
905,2011-02-10,1,0,2,5,0,4,1,2,0.12,0.1212,0.5,0.2239,0,6,6
906,2011-02-10,1,0,2,6,0,4,1,2,0.12,0.1212,0.54,0.2836,0,26,26
907,2011-02-10,1,0,2,7,0,4,1,1,0.1,0.0758,0.5,0.4179,0,99,99
908,2011-02-10,1,0,2,8,0,4,1,1,0.1,0.0758,0.49,0.3284,5,173,178
909,2011-02-10,1,0,2,9,0,4,1,1,0.12,0.1061,0.42,0.3582,1,121,122
910,2011-02-10,1,0,2,10,0,4,1,1,0.12,0.1061,0.42,0.2985,1,34,35
911,2011-02-10,1,0,2,11,0,4,1,1,0.14,0.1212,0.39,0.3582,1,44,45
912,2011-02-10,1,0,2,12,0,4,1,1,0.16,0.1364,0.34,0.3881,4,65,69
913,2011-02-10,1,0,2,13,0,4,1,1,0.18,0.1667,0.29,0.2985,3,59,62
914,2011-02-10,1,0,2,14,0,4,1,1,0.2,0.1818,0.27,0.2836,6,42,48
915,2011-02-10,1,0,2,15,0,4,1,1,0.2,0.197,0.25,0.2537,0,50,50
916,2011-02-10,1,0,2,16,0,4,1,1,0.2,0.1818,0.27,0.2985,4,76,80
917,2011-02-10,1,0,2,17,0,4,1,1,0.18,0.1818,0.26,0.194,6,159,165
918,2011-02-10,1,0,2,18,0,4,1,1,0.16,0.1818,0.28,0.1343,3,157,160
919,2011-02-10,1,0,2,19,0,4,1,1,0.14,0.1667,0.28,0.1045,2,110,112
920,2011-02-10,1,0,2,20,0,4,1,1,0.14,0.1818,0.31,0.0896,4,93,97
921,2011-02-10,1,0,2,21,0,4,1,1,0.14,0.2121,0.39,0,2,70,72
922,2011-02-10,1,0,2,22,0,4,1,1,0.12,0.197,0.39,0,4,47,51
923,2011-02-10,1,0,2,23,0,4,1,1,0.12,0.1515,0.42,0.1045,1,33,34
924,2011-02-11,1,0,2,0,0,5,1,1,0.1,0.1364,0.49,0.1045,2,12,14
925,2011-02-11,1,0,2,1,0,5,1,1,0.1,0.1364,0.54,0.0896,1,6,7
926,2011-02-11,1,0,2,2,0,5,1,1,0.1,0.1364,0.54,0.0896,0,3,3
927,2011-02-11,1,0,2,5,0,5,1,1,0.08,0.1212,0.63,0.0896,0,4,4
928,2011-02-11,1,0,2,6,0,5,1,1,0.1,0.1818,0.68,0,1,23,24
929,2011-02-11,1,0,2,7,0,5,1,1,0.08,0.1667,0.73,0,1,73,74
930,2011-02-11,1,0,2,8,0,5,1,1,0.1,0.1212,0.74,0.1642,4,212,216
931,2011-02-11,1,0,2,9,0,5,1,1,0.12,0.1212,0.74,0.2239,8,132,140
932,2011-02-11,1,0,2,10,0,5,1,1,0.14,0.1364,0.69,0.194,5,39,44
933,2011-02-11,1,0,2,11,0,5,1,1,0.22,0.2273,0.47,0.1343,12,52,64
934,2011-02-11,1,0,2,12,0,5,1,1,0.22,0.2273,0.47,0.1343,7,64,71
935,2011-02-11,1,0,2,13,0,5,1,1,0.24,0.2273,0.35,0.194,21,89,110
936,2011-02-11,1,0,2,14,0,5,1,1,0.3,0.2879,0.26,0.2537,17,67,84
937,2011-02-11,1,0,2,15,0,5,1,1,0.32,0.3182,0.21,0.1642,12,62,74
938,2011-02-11,1,0,2,16,0,5,1,1,0.3,0.2879,0.28,0.194,14,111,125
939,2011-02-11,1,0,2,17,0,5,1,1,0.3,0.3333,0.24,0,18,193,211
940,2011-02-11,1,0,2,18,0,5,1,1,0.28,0.3182,0.28,0,9,165,174
941,2011-02-11,1,0,2,19,0,5,1,1,0.26,0.303,0.33,0,7,94,101
942,2011-02-11,1,0,2,20,0,5,1,1,0.22,0.2273,0.55,0.1343,2,61,63
943,2011-02-11,1,0,2,21,0,5,1,1,0.2,0.2121,0.59,0.1343,1,46,47
944,2011-02-11,1,0,2,22,0,5,1,1,0.2,0.2273,0.64,0.0896,2,41,43
945,2011-02-11,1,0,2,23,0,5,1,1,0.18,0.2424,0.69,0,5,48,53
946,2011-02-12,1,0,2,0,0,6,0,1,0.16,0.197,0.69,0.0896,3,27,30
947,2011-02-12,1,0,2,1,0,6,0,1,0.14,0.2121,0.86,0,2,22,24
948,2011-02-12,1,0,2,2,0,6,0,1,0.14,0.2121,0.8,0,2,13,15
949,2011-02-12,1,0,2,3,0,6,0,1,0.12,0.197,0.8,0,3,7,10
950,2011-02-12,1,0,2,4,0,6,0,1,0.12,0.1667,0.74,0.0896,0,4,4
951,2011-02-12,1,0,2,5,0,6,0,1,0.12,0.1667,0.74,0.0896,0,1,1
952,2011-02-12,1,0,2,6,0,6,0,1,0.12,0.1364,0.93,0.194,1,1,2
953,2011-02-12,1,0,2,7,0,6,0,1,0.12,0.1515,0.8,0.1045,2,9,11
954,2011-02-12,1,0,2,8,0,6,0,1,0.14,0.1515,0.86,0.1343,2,28,30
955,2011-02-12,1,0,2,9,0,6,0,1,0.16,0.1818,0.64,0.1343,5,38,43
956,2011-02-12,1,0,2,10,0,6,0,1,0.22,0.2121,0.41,0.2537,13,71,84
957,2011-02-12,1,0,2,11,0,6,0,1,0.3,0.2727,0.28,0.3284,30,84,114
958,2011-02-12,1,0,2,12,0,6,0,1,0.3,0.2727,0.39,0.4627,27,93,120
959,2011-02-12,1,0,2,13,0,6,0,1,0.3,0.2727,0.39,0.4179,32,103,135
960,2011-02-12,1,0,2,14,0,6,0,1,0.34,0.3182,0.31,0.2836,30,90,120
961,2011-02-12,1,0,2,15,0,6,0,1,0.34,0.303,0.29,0.4179,47,127,174
962,2011-02-12,1,0,2,16,0,6,0,1,0.34,0.303,0.29,0.4179,42,103,145
963,2011-02-12,1,0,2,17,0,6,0,1,0.32,0.2879,0.31,0.5224,24,113,137
964,2011-02-12,1,0,2,18,0,6,0,1,0.28,0.2576,0.38,0.3284,4,60,64
965,2011-02-12,1,0,2,19,0,6,0,1,0.28,0.2727,0.38,0.1642,2,39,41
966,2011-02-12,1,0,2,20,0,6,0,1,0.26,0.2576,0.41,0.2239,1,39,40
967,2011-02-12,1,0,2,21,0,6,0,1,0.26,0.303,0.41,0,9,42,51
968,2011-02-12,1,0,2,22,0,6,0,1,0.24,0.2576,0.44,0.0896,6,39,45
969,2011-02-12,1,0,2,23,0,6,0,1,0.22,0.2273,0.51,0.1343,1,31,32
970,2011-02-13,1,0,2,0,0,0,0,1,0.2,0.2273,0.64,0.1045,5,34,39
971,2011-02-13,1,0,2,1,0,0,0,1,0.2,0.2273,0.59,0.0896,1,23,24
972,2011-02-13,1,0,2,2,0,0,0,2,0.2,0.2273,0.75,0.0896,1,19,20
973,2011-02-13,1,0,2,3,0,0,0,2,0.2,0.2273,0.69,0.1045,4,8,12
974,2011-02-13,1,0,2,4,0,0,0,2,0.2,0.2121,0.69,0.1642,0,2,2
975,2011-02-13,1,0,2,6,0,0,0,2,0.2,0.2121,0.69,0.1343,2,3,5
976,2011-02-13,1,0,2,7,0,0,0,2,0.22,0.2727,0.55,0,0,3,3
977,2011-02-13,1,0,2,8,0,0,0,2,0.22,0.2273,0.64,0.194,1,11,12
978,2011-02-13,1,0,2,9,0,0,0,2,0.24,0.2273,0.6,0.2239,12,35,47
979,2011-02-13,1,0,2,10,0,0,0,1,0.3,0.2727,0.45,0.3284,19,86,105
980,2011-02-13,1,0,2,11,0,0,0,1,0.32,0.2879,0.39,0.4478,26,86,112
981,2011-02-13,1,0,2,12,0,0,0,1,0.36,0.3182,0.32,0.4627,58,94,152
982,2011-02-13,1,0,2,13,0,0,0,1,0.38,0.3939,0.29,0.3582,62,92,154
983,2011-02-13,1,0,2,14,0,0,0,2,0.4,0.4091,0.3,0.4179,51,110,161
984,2011-02-13,1,0,2,15,0,0,0,2,0.4,0.4091,0.3,0.2985,40,122,162
985,2011-02-13,1,0,2,16,0,0,0,2,0.42,0.4242,0.28,0.3284,28,106,134
986,2011-02-13,1,0,2,17,0,0,0,1,0.42,0.4242,0.28,0.3284,30,95,125
987,2011-02-13,1,0,2,18,0,0,0,1,0.4,0.4091,0.32,0.2985,17,78,95
988,2011-02-13,1,0,2,19,0,0,0,1,0.4,0.4091,0.35,0.2836,11,50,61
989,2011-02-13,1,0,2,20,0,0,0,1,0.4,0.4091,0.35,0.3284,15,32,47
990,2011-02-13,1,0,2,21,0,0,0,1,0.4,0.4091,0.35,0.3582,6,45,51
991,2011-02-13,1,0,2,22,0,0,0,1,0.4,0.4091,0.35,0.2985,5,31,36
992,2011-02-13,1,0,2,23,0,0,0,1,0.4,0.4091,0.35,0.3582,3,27,30
993,2011-02-14,1,0,2,0,0,1,1,1,0.38,0.3939,0.37,0.3582,3,8,11
994,2011-02-14,1,0,2,1,0,1,1,1,0.38,0.3939,0.37,0.3582,1,6,7
995,2011-02-14,1,0,2,2,0,1,1,1,0.36,0.3333,0.4,0.2985,0,2,2
996,2011-02-14,1,0,2,3,0,1,1,1,0.34,0.3182,0.46,0.2239,1,1,2
997,2011-02-14,1,0,2,4,0,1,1,1,0.32,0.303,0.53,0.2836,0,2,2
998,2011-02-14,1,0,2,5,0,1,1,1,0.32,0.303,0.53,0.2836,0,3,3
999,2011-02-14,1,0,2,6,0,1,1,1,0.34,0.303,0.46,0.2985,1,25,26
1000,2011-02-14,1,0,2,7,0,1,1,1,0.34,0.303,0.46,0.2985,2,96,98
1001,2011-02-14,1,0,2,8,0,1,1,1,0.38,0.3939,0.4,0.4627,7,249,256
1002,2011-02-14,1,0,2,9,0,1,1,1,0.4,0.4091,0.37,0.3881,8,122,130
1003,2011-02-14,1,0,2,10,0,1,1,1,0.44,0.4394,0.33,0.2239,9,46,55
1004,2011-02-14,1,0,2,11,0,1,1,1,0.52,0.5,0.23,0.2537,10,43,53
1005,2011-02-14,1,0,2,12,0,1,1,1,0.56,0.5303,0.22,0.4478,27,99,126
1006,2011-02-14,1,0,2,13,0,1,1,1,0.58,0.5455,0.19,0.3881,27,93,120
1007,2011-02-14,1,0,2,14,0,1,1,1,0.6,0.5909,0.15,0.4925,14,76,90
1008,2011-02-14,1,0,2,15,0,1,1,1,0.56,0.5303,0.21,0.6567,19,71,90
1009,2011-02-14,1,0,2,16,0,1,1,1,0.52,0.5,0.27,0.4627,16,102,118
1010,2011-02-14,1,0,2,17,0,1,1,1,0.46,0.4545,0.33,0.6119,25,218,243
1011,2011-02-14,1,0,2,18,0,1,1,1,0.4,0.4091,0.4,0.6119,11,194,205
1012,2011-02-14,1,0,2,19,0,1,1,1,0.38,0.3939,0.43,0.4925,12,86,98
1013,2011-02-14,1,0,2,20,0,1,1,1,0.36,0.3182,0.46,0.4627,5,65,70